Reference ID,Campaign Name,Product Name,Country,Source,Sales Agent Name,Total Amount ($),Total Rebill Amount,Number Of Rebills,Discount Amount ($),Returned Amount ($),Return Date Kyiv,return_date_utc,return_date_new_york,Order Date Kyiv,order_date_utc,order_date_new_york,days_between_return_and_order,return_date_kyiv_status,order_date_kyiv_status
GYB220101-1800-27157,AQ_9, Support 3-month Plan,US,Chat,Nick,149.25,119.7,6,49.75,0,,,,2022-01-01 10:34:00,2022-01-01 08:34:00,2022-01-01 03:34:00,0,N/A,Present
GYB220101-1800-81123,AQ_7, Support One Time PC Support ,AU,Call,Esmee,119.19,0,0,29.8,0,,,,2022-01-01 05:22:00,2022-01-01 03:22:00,2021-12-31 22:22:00,0,N/A,Present
GYB220102-5490-23160,AQ_9, Support 36-month Plan,US,Call,Jackie,684,0,0,0,634,2022-01-04 00:38:00,2022-01-03 22:38:00,2022-01-03 17:38:00,2022-01-02 09:53:00,2022-01-02 07:53:00,2022-01-02 02:53:00,1,Present,Present
GYB220102-5490-53112,AQ_9, Support Single Device Monthly Subscription,US,Chat,Clary,99,0,0,0,0,,,,2022-01-02 06:26:00,2022-01-02 04:26:00,2022-01-01 23:26:00,0,N/A,Present
GYB220103-4319-34119,BF.Upgrade, Support 24-month Plan,US,Call,Jackie,489.6,0,0,86.4,0,,,,2022-01-03 09:31:00,2022-01-03 07:31:00,2022-01-03 02:31:00,0,N/A,Present
GYB220103-6977-97158,AQ_1, Support One Time PC Support ,CA,Call,Jackie,119.74,0,0,29.94,0,,,,2022-01-04 00:17:00,2022-01-03 22:17:00,2022-01-03 17:17:00,0,N/A,Present
GYB220104-2435-90148,ByteFence.CTA, Support 24-month Plan,US,Call,Esmee,576,0,0,0,0,,,,2022-01-05 01:33:00,2022-01-04 23:33:00,2022-01-04 18:33:00,0,N/A,Present
GYB220104-2435-91122,AQ_3, Support One Time PC Support ,CA,Call,Vicky,148.86,0,0,0,0,,,,2022-01-04 11:05:00,2022-01-04 09:05:00,2022-01-04 04:05:00,0,N/A,Present
GYB220104-4319-32105,AQ_9, Support One Time PC Support ,US,Chat,Megan,149,0,0,0,0,,,,2022-01-04 09:53:00,2022-01-04 07:53:00,2022-01-04 02:53:00,0,N/A,Present
GYB220104-5490-77123,AQ_9, Support 36-month Plan,US,Chat,Megan,684,0,0,0,0,,,,2022-01-04 06:25:00,2022-01-04 04:25:00,2022-01-03 23:25:00,0,N/A,Present
GYB220104-8715-72118,AQ_9, Support 12-month Plan,US,Call,Vicky,345.6,0,0,86.4,0,,,,2022-01-04 07:32:00,2022-01-04 05:32:00,2022-01-04 00:32:00,0,N/A,Present
GYB220105-4319-74113,AQ_1, Support One Time PC Support ,CA,Call,Esmee,97.11,0,0,52.29,0,,,,2022-01-06 01:08:00,2022-01-05 23:08:00,2022-01-05 18:08:00,0,N/A,Present
GYB220105-5490-83111,AQ_9, Support One Time PC Support ,US,Call,Jackie,126.65,0,0,22.35,0,,,,2022-01-05 07:07:00,2022-01-05 05:07:00,2022-01-05 00:07:00,0,N/A,Present
GYB220106-1800-64131,AQ_25, Support Single Device Monthly Subscription,US,Call,Esmee,99,0,0,0,0,,,,2022-01-06 08:31:00,2022-01-06 06:31:00,2022-01-06 01:31:00,0,N/A,Present
GYB220106-2435-53108,N/A, Support One Time PC Support ,US,N/A,N/A,96.85,0,0,52.15,0,,,,2022-01-06 03:43:00,2022-01-06 01:43:00,2022-01-05 20:43:00,0,N/A,Present
GYB220106-2435-63145,AQ_9, Support 12-month Plan,US,Call,Esmee,432,0,0,0,432,2022-01-13 03:20:00,2022-01-13 01:20:00,2022-01-12 20:20:00,2022-01-06 06:43:00,2022-01-06 04:43:00,2022-01-05 23:43:00,6,Present,Present
GYB220106-5490-48130,AQ_9, Support Single Device Monthly Subscription,US,Call,Esmee,79.2,0,0,19.8,0,,,,2022-01-06 05:51:00,2022-01-06 03:51:00,2022-01-05 22:51:00,0,N/A,Present
GYB220106-8715-51112,AQ_1, Support One Time PC Support ,CA,Call,Jacob,149.45,0,0,0,0,,,,2022-01-06 09:18:00,2022-01-06 07:18:00,2022-01-06 02:18:00,0,N/A,Present
GYB220107-1511-41116,AQ_9, Support 36-month Plan,CA,Call,Jayce,683.68,0,0,0,0,,,,2022-01-07 08:35:00,2022-01-07 06:35:00,2022-01-07 01:35:00,0,N/A,Present
GYB220107-6604-87123,AQ.Upgrade, Support 6-month Plan,US,Call,Rodger,174.3,0,0,74.7,0,,,,2022-01-07 08:07:00,2022-01-07 06:07:00,2022-01-07 01:07:00,0,N/A,Present
GYB220107-6911-85132,AQ_9, Support 12-month Plan,US,Chat,Biby,432,199.5,10,0,0,,,,2022-01-07 03:36:00,2022-01-07 01:36:00,2022-01-06 20:36:00,0,N/A,Present
GYB220108-4354-86171,AQ_1, Support 12-month Plan,CA,Call,Rodger,345.57,192.95,10,86.39,0,,,,2022-01-09 00:39:00,2022-01-08 22:39:00,2022-01-08 17:39:00,0,N/A,Present
GYB220108-5542-65141,AQ_1, Support 12-month Plan,CA,Call,Rodger,302.37,0,0,129.59,281.07,2022-01-29 11:51:00,2022-01-29 09:51:00,2022-01-29 04:51:00,2022-01-08 05:50:00,2022-01-08 03:50:00,2022-01-07 22:50:00,21,Present,Present
GYB220108-6911-16230,AQ_9, Support Single Device Monthly Subscription,US,Call,Rodger,99,39.9,2,0,0,,,,2022-01-09 02:47:00,2022-01-09 00:47:00,2022-01-08 19:47:00,0,N/A,Present
GYB220108-6911-25129,AQ_9, Support One Time PC Support ,GB,Chat,Clary,149.41,0,0,0,0,,,,2022-01-08 07:02:00,2022-01-08 05:02:00,2022-01-08 00:02:00,0,N/A,Present
GYB220108-6911-44171,AQ_25, Support Single Device Monthly Subscription,US,Call,Jackie,49.5,0,0,49.5,0,,,,2022-01-08 07:42:00,2022-01-08 05:42:00,2022-01-08 00:42:00,0,N/A,Present
GYB220109-1511-50132,AQ_9, Support 3-month Plan,US,Call,Jayce,199,0,0,0,0,,,,2022-01-09 04:56:00,2022-01-09 02:56:00,2022-01-08 21:56:00,0,N/A,Present
GYB220109-4354-44148,AQ_9, Support 3-month Plan,US,Chat,Megan,159.2,19.95,1,39.8,0,,,,2022-01-09 01:11:00,2022-01-08 23:11:00,2022-01-08 18:11:00,0,N/A,Present
GYB220109-4354-47123,AQ_25, Support 3-month Plan,US,Call,Nick,199,379.05,19,0,0,,,,2022-01-09 03:13:00,2022-01-09 01:13:00,2022-01-08 20:13:00,0,N/A,Present
GYB220109-6604-74116,AQ_25, Support 36-month Plan,US,Call,Rodger,478.8,0,0,205.2,0,,,,2022-01-10 01:45:00,2022-01-09 23:45:00,2022-01-09 18:45:00,0,N/A,Present
GYB220110-4354-47133,AQ_25, Support 24-month Plan,US,Call,Esmee,576,0,0,0,0,,,,2022-01-10 07:31:00,2022-01-10 05:31:00,2022-01-10 00:31:00,0,N/A,Present
GYB220110-4354-90170,AQ_1, Support 36-month Plan,CA,Call,Esmee,684.1,0,0,0,0,,,,2022-01-10 09:08:00,2022-01-10 07:08:00,2022-01-10 02:08:00,0,N/A,Present
GYB220110-6604-28126,AQ_25, Support 12-month Plan,US,Call,Vicky,432,0,0,0,0,,,,2022-01-11 01:29:00,2022-01-10 23:29:00,2022-01-10 18:29:00,0,N/A,Present
GYB220110-6911-44113,AQ_9, Support 36-month Plan,US,Call,Rodger,478.8,0,0,205.2,0,,,,2022-01-10 06:42:00,2022-01-10 04:42:00,2022-01-09 23:42:00,0,N/A,Present
GYB220110-8954-29129,AQ_9, Support 3-month Plan,US,Chat,Rinna,199,0,0,0,0,,,,2022-01-11 01:34:00,2022-01-10 23:34:00,2022-01-10 18:34:00,0,N/A,Present
GYB220111-1511-18147,AQ_9, Support One Time PC Support ,US,Chat,Biby,149,0,0,0,0,,,,2022-01-11 09:24:00,2022-01-11 07:24:00,2022-01-11 02:24:00,0,N/A,Present
GYB220111-1511-84107,AQ_9, Support 12-month Plan,US,Call,Jayce,432,0,0,0,382,2022-02-12 05:17:00,2022-02-12 03:17:00,2022-02-11 22:17:00,2022-01-11 03:22:00,2022-01-11 01:22:00,2022-01-10 20:22:00,32,Present,Present
GYB220111-4354-59122,AQ_9, Support 12-month Plan,AU,Chat,Olivia,431.6,0,0,0,0,,,,2022-01-11 00:28:00,2022-01-10 22:28:00,2022-01-10 17:28:00,0,N/A,Present
GYB220111-5542-38113,AQ_25, Support One Time PC Support ,US,Call,Jacob,111.75,0,0,37.25,0,,,,2022-01-11 08:11:00,2022-01-11 06:11:00,2022-01-11 01:11:00,0,N/A,Present
GYB220111-6911-88135,AQ_9, Support Single Device Monthly Subscription,US,Call,Esmee,49.5,0,0,49.5,0,,,,2022-01-12 02:25:00,2022-01-12 00:25:00,2022-01-11 19:25:00,0,N/A,Present
GYB220112-6604-58114,AQ_7, Support 12-month Plan,AU,Call,Vicky,367.27,0,0,64.81,0,,,,2022-01-12 07:49:00,2022-01-12 05:49:00,2022-01-12 00:49:00,0,N/A,Present
GYB220112-8954-29108,AQ_25, Support One Time PC Support ,US,Call,Vicky,119.2,0,0,29.8,0,,,,2022-01-12 04:39:00,2022-01-12 02:39:00,2022-01-11 21:39:00,0,N/A,Present
GYB220113-1511-25165,AQ_9, Support One Time PC Support ,US,Call,Jacob,111.75,0,0,37.25,0,,,,2022-01-13 07:44:00,2022-01-13 05:44:00,2022-01-13 00:44:00,0,N/A,Present
GYB220113-1511-88122,AQ_9, Support 24-month Plan,US,Call,Rodger,576,0,0,0,0,,,,2022-01-13 06:07:00,2022-01-13 04:07:00,2022-01-12 23:07:00,0,N/A,Present
GYB220113-5542-30106,AQ_9, Support Single Device Monthly Subscription,US,Call,Nick,79.2,139.65,7,19.8,0,,,,2022-01-14 02:26:00,2022-01-14 00:26:00,2022-01-13 19:26:00,0,N/A,Present
GYB220113-6911-97136,AQ.Upgrade, Support 36-month Plan,US,Chat,Rodger,478.8,0,0,205.2,0,,,,2022-01-13 07:53:00,2022-01-13 05:53:00,2022-01-13 00:53:00,0,N/A,Present
GYB220113-8954-28128,AQ_7, Support 12-month Plan,AU,Call,Isaac,323.99,0,0,108,0,,,,2022-01-14 02:21:00,2022-01-14 00:21:00,2022-01-13 19:21:00,0,N/A,Present
GYB220114-4354-98127,AQ_9, Support 36-month Plan,US,Call,Jackie,684,0,0,0,0,,,,2022-01-15 02:39:00,2022-01-15 00:39:00,2022-01-14 19:39:00,0,N/A,Present
GYB220114-5542-89110,AQ_9, Support Single Device Monthly Subscription,US,Call,Rodger,99,418.95,21,0,0,,,,2022-01-14 07:53:00,2022-01-14 05:53:00,2022-01-14 00:53:00,0,N/A,Present
GYB220114-6911-61143,AQ_9, Support One Time PC Support ,US,Call,Rodger,74.5,0,0,74.5,0,,,,2022-01-14 11:37:00,2022-01-14 09:37:00,2022-01-14 04:37:00,0,N/A,Present
GYB220114-8954-36122,BF.Upgrade, Support 36-month Plan,US,Call,Rodger,478.8,0,0,205.2,0,,,,2022-01-14 07:15:00,2022-01-14 05:15:00,2022-01-14 00:15:00,0,N/A,Present
GYB220114-8954-75165,AQ_9, Support Single Device Monthly Subscription,US,Call,Nick,99,59.85,3,0,0,,,,2022-01-14 09:01:00,2022-01-14 07:01:00,2022-01-14 02:01:00,0,N/A,Present
GYB220115-1511-83127,AQ_9, Support 36-month Plan,US,Call,Jackie,684,0,0,0,535,2022-06-15 01:52:00,2022-06-14 22:52:00,2022-06-14 18:52:00,2022-01-15 10:00:00,2022-01-15 08:00:00,2022-01-15 03:00:00,150,Present,Present
GYB220115-4354-14130,AQ_9, Support One Time PC Support ,CA,Call,Jackie,112.15,0,0,37.38,0,,,,2022-01-15 08:32:00,2022-01-15 06:32:00,2022-01-15 01:32:00,0,N/A,Present
GYB220115-5542-13134,N/A, Support 36-month Plan,US,N/A,N/A,684,0,0,0,0,,,,2022-01-15 07:18:00,2022-01-15 05:18:00,2022-01-15 00:18:00,0,N/A,Present
GYB220115-6604-51110,AQ_1, Support One Time PC Support ,CA,Call,Jackie,97.2,0,0,52.34,0,,,,2022-01-15 11:46:00,2022-01-15 09:46:00,2022-01-15 04:46:00,0,N/A,Present
GYB220116-4354-54118,BF.Upgrade, Support 24-month Plan,US,Call,Rodger,403.2,0,0,172.8,0,,,,2022-01-16 07:00:00,2022-01-16 05:00:00,2022-01-16 00:00:00,0,N/A,Present
GYB220116-8954-85139,AQ_9, Support Single Device Monthly Subscription,US,Chat,Rinna,99,259.35,13,0,0,,,,2022-01-17 02:28:00,2022-01-17 00:28:00,2022-01-16 19:28:00,0,N/A,Present
GYB220117-1511-42127,AQ_7, Support Single Device Monthly Subscription,AU,Call,Esmee,49.7,0,0,49.7,0,,,,2022-01-18 02:07:00,2022-01-18 00:07:00,2022-01-17 19:07:00,0,N/A,Present
GYB220117-2241-26129,AQ_9, Support One Time PC Support ,US,Call,Vicky,149,0,0,0,0,,,,2022-01-18 00:06:00,2022-01-17 22:06:00,2022-01-17 17:06:00,0,N/A,Present
GYB220117-4354-16192,AQ_25, Support One Time PC Support ,US,Call,Esmee,149,0,0,0,0,,,,2022-01-17 11:10:00,2022-01-17 09:10:00,2022-01-17 04:10:00,0,N/A,Present
GYB220117-4354-30158,AQ_9, Support One Time PC Support ,US,Chat,Biby,149,0,0,0,0,,,,2022-01-17 06:36:00,2022-01-17 04:36:00,2022-01-16 23:36:00,0,N/A,Present
GYB220117-5542-74117,N/A, Support One Time PC Support ,US,N/A,N/A,104.3,0,0,44.7,0,,,,2022-01-18 01:33:00,2022-01-17 23:33:00,2022-01-17 18:33:00,0,N/A,Present
GYB220118-2241-69161,AQ_9, Support 12-month Plan,US,Chat,Olivia,432,0,0,0,0,,,,2022-01-18 09:56:00,2022-01-18 07:56:00,2022-01-18 02:56:00,0,N/A,Present
GYB220118-5542-13132,AQ_9, Support One Time PC Support ,US,Chat,Olivia,96.85,0,0,52.15,0,,,,2022-01-18 05:19:00,2022-01-18 03:19:00,2022-01-17 22:19:00,0,N/A,Present
GYB220118-5922-10128,AQ_9, Support 12-month Plan,AU,Chat,Megan,432.46,0,0,0,0,,,,2022-01-18 04:54:00,2022-01-18 02:54:00,2022-01-17 21:54:00,0,N/A,Present
GYB220119-1100-86144,N/A, Support 12-month plan,UA,N/A,N/A,336,0,0,0,0,,,,2022-01-19 00:36:00,2022-01-18 22:36:00,2022-01-18 17:36:00,0,N/A,Present
GYB220119-1511-12112,AQ_9, Support 12-month Plan,NZ,Chat,Biby,432.12,0,0,0,0,,,,2022-01-19 03:27:00,2022-01-19 01:27:00,2022-01-18 20:27:00,0,N/A,Present
GYB220119-5542-34147,AQ.Upgrade, Support Single Device Monthly Subscription,US,Call,Jackie,99,0,0,0,99,2022-01-19 02:01:00,2022-01-19 00:01:00,2022-01-18 19:01:00,2022-01-19 08:44:00,2022-01-19 06:44:00,2022-01-19 01:44:00,0,Present,Present
GYB220119-5542-36129,AQ_9, Support Single Device Monthly Subscription,US,Chat,Clary,99,99.75,5,0,0,,,,2022-01-19 00:55:00,2022-01-18 22:55:00,2022-01-18 17:55:00,0,N/A,Present
GYB220120-2241-43133,AQ_9, Support Multiple Device Monthly Subscription,US,Call,Rodger,49.5,137.17,11,49.5,0,,,,2022-01-21 02:35:00,2022-01-21 00:35:00,2022-01-20 19:35:00,0,N/A,Present
GYB220120-5593-26130,AQ_9, Support 24-month Plan,US,Call,Jacob,460.8,0,0,115.2,0,,,,2022-01-20 04:00:00,2022-01-20 02:00:00,2022-01-19 21:00:00,0,N/A,Present
GYB220120-5593-50153,AQ_9, Support Multiple Device Monthly Subscription,US,Chat,Clary,99,0,0,0,0,,,,2022-01-20 09:33:00,2022-01-20 07:33:00,2022-01-20 02:33:00,0,N/A,Present
GYB220120-6604-72109,AQ_1, Support 12-month Plan,CA,Call,Esmee,431.7,0,0,0,0,,,,2022-01-21 01:25:00,2022-01-20 23:25:00,2022-01-20 18:25:00,0,N/A,Present
GYB220121-2436-93132,AQ_25, Support One Time PC Support ,US,Call,Rodger,149,0,0,0,0,,,,2022-01-21 11:22:00,2022-01-21 09:22:00,2022-01-21 04:22:00,0,N/A,Present
GYB220121-5040-92123,AQ_9, Support 12-month Plan,AU,Call,Nick,431.85,0,0,0,0,,,,2022-01-21 05:43:00,2022-01-21 03:43:00,2022-01-20 22:43:00,0,N/A,Present
GYB220121-6407-70121,AQ_25, Support One Time PC Support ,US,Call,Vicky,149,0,0,0,0,,,,2022-01-21 05:57:00,2022-01-21 03:57:00,2022-01-20 22:57:00,0,N/A,Present
GYB220121-8904-88103,AQ_9, Support One Time PC Support ,US,Chat,Megan,104.3,0,0,44.7,0,,,,2022-01-21 02:13:00,2022-01-21 00:13:00,2022-01-20 19:13:00,0,N/A,Present
GYB220122-2436-24119,AQ_9, Support 36-month Plan,US,Call,Nick,684,0,0,0,0,,,,2022-01-22 08:44:00,2022-01-22 06:44:00,2022-01-22 01:44:00,0,N/A,Present
GYB220122-2436-64171,N/A, Support 3-month Plan,US,N/A,N/A,199,0,0,0,0,,,,2022-01-22 10:36:00,2022-01-22 08:36:00,2022-01-22 03:36:00,0,N/A,Present
GYB220122-2436-97159,AQ_9, Support 12-month Plan,BM,Chat,Megan,432,0,0,0,0,,,,2022-01-22 09:18:00,2022-01-22 07:18:00,2022-01-22 02:18:00,0,N/A,Present
GYB220122-8769-24151,AQ_9, Support 12-month Plan,US,Chat,Megan,324,0,0,108,324,2022-02-22 00:27:00,2022-02-21 22:27:00,2022-02-21 17:27:00,2022-01-22 06:31:00,2022-01-22 04:31:00,2022-01-21 23:31:00,30,Present,Present
GYB220122-8769-66181,AQ_9, Support 12-month Plan,CR,Call,Nick,324,0,0,108,0,,,,2022-01-22 11:03:00,2022-01-22 09:03:00,2022-01-22 04:03:00,0,N/A,Present
GYB220122-8904-42117,AQ_9, Support 3-month Plan,GF,Call,Nick,159.28,19.86,1,39.82,0,,,,2022-01-22 05:38:00,2022-01-22 03:38:00,2022-01-21 22:38:00,0,N/A,Present
GYB220122-8904-75163,AQ_9, Support 3-month Plan,US,Call,Jackie,199,99.75,5,0,0,,,,2022-01-23 00:37:00,2022-01-22 22:37:00,2022-01-22 17:37:00,0,N/A,Present
GYB220123-2255-93147,AQ_9, Support 24-month Plan,US,Chat,Biby,576,0,0,0,0,,,,2022-01-23 11:24:00,2022-01-23 09:24:00,2022-01-23 04:24:00,0,N/A,Present
GYB220123-2436-43128,AQ_9, Support 36-month Plan,US,Chat,Biby,684,0,0,0,0,,,,2022-01-23 10:16:00,2022-01-23 08:16:00,2022-01-23 03:16:00,0,N/A,Present
GYB220123-2436-86149,BF.Upgrade, Support 36-month Plan,US,Call,Jackie,581.4,0,0,102.6,0,,,,2022-01-23 11:01:00,2022-01-23 09:01:00,2022-01-23 04:01:00,0,N/A,Present
GYB220123-8769-26121,AQ_9, Support 3-month Plan,BS,Chat,Megan,199,0,0,0,0,,,,2022-01-24 02:25:00,2022-01-24 00:25:00,2022-01-23 19:25:00,0,N/A,Present
GYB220124-1295-38123,AQ_9, Support One Time PC Support ,US,Call,Jayce,149,0,0,0,0,,,,2022-01-24 04:58:00,2022-01-24 02:58:00,2022-01-23 21:58:00,0,N/A,Present
GYB220124-2255-50131,AQ_7, Support 36-month Plan,AU,Call,Jayce,683.69,0,0,0,478.23,2022-03-29 08:40:00,2022-03-29 05:40:00,2022-03-29 01:40:00,2022-01-24 04:36:00,2022-01-24 02:36:00,2022-01-23 21:36:00,64,Present,Present
GYB220124-2436-59151,AQ_1, Support 36-month Plan,US,Call,Jacob,581.4,0,0,102.6,0,,,,2022-01-24 07:35:00,2022-01-24 05:35:00,2022-01-24 00:35:00,0,N/A,Present
GYB220124-5040-40146,AQ_1, Support 24-month Plan,US,Call,Jacob,489.6,0,0,86.4,489.6,2022-02-01 00:13:00,2022-01-31 22:13:00,2022-01-31 17:13:00,2022-01-24 10:59:00,2022-01-24 08:59:00,2022-01-24 03:59:00,7,Present,Present
GYB220124-8769-18129,AQ_1, Support 12-month Plan,US,Call,Jayce,432,0,0,0,0,,,,2022-01-24 08:19:00,2022-01-24 06:19:00,2022-01-24 01:19:00,0,N/A,Present
GYB220125-2255-67157,AQ_1, Support One Time PC Support ,CA,Call,Jackie,111.91,0,0,37.3,0,,,,2022-01-26 01:13:00,2022-01-25 23:13:00,2022-01-25 18:13:00,0,N/A,Present
GYB220125-2255-85132,BF.Upgrade, Support 24-month plan,CA,Chat,Rodger,323.67,0,0,107.89,0,,,,2022-01-25 08:04:00,2022-01-25 06:04:00,2022-01-25 01:04:00,0,N/A,Present
GYB220125-2971-41139,AQ_9, Support 12-month Plan,US,Call,Rodger,432,19.95,1,0,0,,,,2022-01-25 04:54:00,2022-01-25 02:54:00,2022-01-24 21:54:00,0,N/A,Present
GYB220125-2971-44183,AQ_25, Support Multiple Device Monthly Subscription,US,Call,Rodger,99,0,0,0,0,,,,2022-01-25 08:50:00,2022-01-25 06:50:00,2022-01-25 01:50:00,0,N/A,Present
GYB220125-2971-78104,AQ_9, Support One Time PC Support ,US,Chat,Biby,119.2,0,0,29.8,0,,,,2022-01-25 04:59:00,2022-01-25 02:59:00,2022-01-24 21:59:00,0,N/A,Present
GYB220125-2971-84221,AQ_5, Support 3-month Plan,US,Call,Jackie,199,0,0,0,0,,,,2022-01-26 01:50:00,2022-01-25 23:50:00,2022-01-25 18:50:00,0,N/A,Present
GYB220125-5040-15140,AQ.Upgrade, Support 36-month Plan,CA,From Support,Rodger,683.3,0,0,0,0,,,,2022-01-26 00:44:00,2022-01-25 22:44:00,2022-01-25 17:44:00,0,N/A,Present
GYB220125-5040-15170,AQ_9, Support Single Device Monthly Subscription,US,Call,Nick,99,0,0,0,0,,,,2022-01-26 01:06:00,2022-01-25 23:06:00,2022-01-25 18:06:00,0,N/A,Present
GYB220125-6407-71134,AQ_9, Support 12-month Plan,US,Call,Esmee,432,0,0,0,0,,,,2022-01-25 04:24:00,2022-01-25 02:24:00,2022-01-24 21:24:00,0,N/A,Present
GYB220126-2971-96115,AQ_9, Support 12-month Plan,US,Call,Jackie,367.2,0,0,64.8,0,,,,2022-01-26 05:52:00,2022-01-26 03:52:00,2022-01-25 22:52:00,0,N/A,Present
GYB220126-5040-74119,AQ_1, Support 24-month Plan,CA,Call,Rodger,575.91,0,0,0,0,,,,2022-01-26 08:11:00,2022-01-26 06:11:00,2022-01-26 01:11:00,0,N/A,Present
GYB220126-8904-64130,AQ_9, Support 36-month Plan,MT,Chat,Clary,683.71,0,0,0,0,,,,2022-01-26 08:48:00,2022-01-26 06:48:00,2022-01-26 01:48:00,0,N/A,Present
GYB220127-2255-56123,AQ_1, Support One Time PC Support ,CA,Call,Vicky,119.41,0,0,29.85,0,,,,2022-01-27 11:18:00,2022-01-27 09:18:00,2022-01-27 04:18:00,0,N/A,Present
GYB220127-2436-32115,AQ_25, Support Multiple Device Monthly Subscription,US,Call,Esmee,79.2,0,0,19.8,0,,,,2022-01-27 11:38:00,2022-01-27 09:38:00,2022-01-27 04:38:00,0,N/A,Present
GYB220127-2971-96120,AQ_5, Support 24-month Plan,US,Call,Rodger,576,0,0,0,0,,,,2022-01-27 11:55:00,2022-01-27 09:55:00,2022-01-27 04:55:00,0,N/A,Present
GYB220127-6407-35172,AQ_9, Support One Time PC Support ,US,Call,Jayce,149,0,0,0,0,,,,2022-01-28 02:09:00,2022-01-28 00:09:00,2022-01-27 19:09:00,0,N/A,Present
GYB220127-6407-77118,AQ_9, Support 24-month Plan,PG,Chat,Ruby,576,0,0,0,0,,,,2022-01-27 03:06:00,2022-01-27 01:06:00,2022-01-26 20:06:00,0,N/A,Present
GYB220127-8769-14129,BF.Upgrade, Support Multiple Device Monthly Subscription,US,Call,Esmee,89.1,24.95,1,9.9,0,,,,2022-01-27 05:32:00,2022-01-27 03:32:00,2022-01-26 22:32:00,0,N/A,Present
GYB220127-8904-71128,AQ_1, Support One Time PC Support ,US,Call,Esmee,149,0,0,0,0,,,,2022-01-27 10:03:00,2022-01-27 08:03:00,2022-01-27 03:03:00,0,N/A,Present
GYB220128-1532-84116,AQ_1, Support Single Device Monthly Subscription,CA,Call,Esmee,99.48,61.61,3,0,0,,,,2022-01-28 11:02:00,2022-01-28 09:02:00,2022-01-28 04:02:00,0,N/A,Present
GYB220128-4242-75153,AQ_9, Support Single Device Monthly Subscription,US,Call,Esmee,79.2,0,0,19.8,0,,,,2022-01-28 07:38:00,2022-01-28 05:38:00,2022-01-28 00:38:00,0,N/A,Present
GYB220128-4242-81115,AQ_1, Support 12-month Plan,CA,Call,Jackie,388.54,0,0,43.17,358.83,2022-03-10 04:41:00,2022-03-10 02:41:00,2022-03-09 21:41:00,2022-01-28 04:29:00,2022-01-28 02:29:00,2022-01-27 21:29:00,41,Present,Present
GYB220128-4977-22128,AQ_7, Support Multiple Device Monthly Subscription,AU,Call,Rodger,99.18,409.04,17,0,0,,,,2022-01-28 07:03:00,2022-01-28 05:03:00,2022-01-28 00:03:00,0,N/A,Present
GYB220128-4977-22147,AQ_9, Support 36-month Plan,GB,Chat,Megan,683.62,0,0,0,0,,,,2022-01-28 05:17:00,2022-01-28 03:17:00,2022-01-27 22:17:00,0,N/A,Present
GYB220128-5179-60121,AQ_9, Support Single Device Monthly Subscription,US,Call,Esmee,49.5,0,0,49.5,0,,,,2022-01-28 04:55:00,2022-01-28 02:55:00,2022-01-27 21:55:00,0,N/A,Present
GYB220128-8017-69132,AQ.Upgrade, Support 36-month Plan,US,Call,Jackie,581.4,0,0,102.6,0,,,,2022-01-28 11:29:00,2022-01-28 09:29:00,2022-01-28 04:29:00,0,N/A,Present
GYB220128-9233-66122,AQ_9, Support Single Device Monthly Subscription,US,Chat,Rinna,99,0,0,0,0,,,,2022-01-29 01:47:00,2022-01-28 23:47:00,2022-01-28 18:47:00,0,N/A,Present
GYB220129-1532-19108,AQ_9, Support One Time PC Support ,US,Chat,Biby,119.2,0,0,29.8,0,,,,2022-01-29 11:02:00,2022-01-29 09:02:00,2022-01-29 04:02:00,0,N/A,Present
GYB220129-3398-72196,AQ_25, Support Multiple Device Monthly Subscription,US,Call,Vicky,79.2,0,0,19.8,0,,,,2022-01-30 00:05:00,2022-01-29 22:05:00,2022-01-29 17:05:00,0,N/A,Present
GYB220129-3398-77128,AQ_1, Support One Time PC Support ,CA,Call,Jackie,74.42,0,0,74.42,0,,,,2022-01-29 03:58:00,2022-01-29 01:58:00,2022-01-28 20:58:00,0,N/A,Present
GYB220129-4242-71142,AQ_9, Support Single Device Monthly Subscription,US,Call,Nick,99,0,0,0,0,,,,2022-01-29 08:59:00,2022-01-29 06:59:00,2022-01-29 01:59:00,0,N/A,Present
GYB220129-5179-98137,AQ_9, Support 36-month Plan,US,Chat,Biby,684,0,0,0,0,,,,2022-01-29 05:57:00,2022-01-29 03:57:00,2022-01-28 22:57:00,0,N/A,Present
GYB220129-6501-56125,AQ_9, Support 12-month Plan,US,Chat,Olivia,432,0,0,0,0,,,,2022-01-29 11:13:00,2022-01-29 09:13:00,2022-01-29 04:13:00,0,N/A,Present
GYB220129-8017-89112,AQ_25, Support Single Device Monthly Subscription,US,Call,Esmee,99,0,0,0,0,,,,2022-01-29 08:07:00,2022-01-29 06:07:00,2022-01-29 01:07:00,0,N/A,Present
GYB220130-1532-55139,AQ_1, Support 36-month Plan,US,Call,Nick,684,0,0,0,0,,,,2022-01-30 10:22:00,2022-01-30 08:22:00,2022-01-30 03:22:00,0,N/A,Present
GYB220130-4242-21130,AQ_9, Support Multiple Device Monthly Subscription,US,Call,Vicky,64.35,0,0,34.65,0,,,,2022-01-30 03:09:00,2022-01-30 01:09:00,2022-01-29 20:09:00,0,N/A,Present
GYB220130-4242-61155,AQ_1, Support 3-month Plan,US,Call,Jacob,199,19.95,1,0,0,,,,2022-01-30 08:33:00,2022-01-30 06:33:00,2022-01-30 01:33:00,0,N/A,Present
GYB220130-4977-60113,AQ_9, Support Single Device Monthly Subscription,AU,Chat,Megan,49.48,0,0,49.48,0,,,,2022-01-30 04:19:00,2022-01-30 02:19:00,2022-01-29 21:19:00,0,N/A,Present
GYB220130-5179-82114,AQ_9, Support Multiple Device Monthly Subscription,US,Call,Jacob,64.35,24.95,1,34.65,64.35,2022-03-28 01:03:00,2022-03-27 22:03:00,2022-03-27 18:03:00,2022-01-30 06:57:00,2022-01-30 04:57:00,2022-01-29 23:57:00,56,Present,Present
GYB220130-5570-39129,N/A, Support 6-month plan,UA,N/A,N/A,199,0,0,19.95,199,2022-01-30 10:51:00,2022-01-30 08:51:00,2022-01-30 03:51:00,2022-01-30 04:51:00,2022-01-30 02:51:00,2022-01-29 21:51:00,0,Present,Present
GYB220130-5570-61108,N/A, Support 12-month plan,UA,N/A,N/A,336,0,0,0,336,2022-01-31 04:14:00,2022-01-31 02:14:00,2022-01-30 21:14:00,2022-01-30 04:45:00,2022-01-30 02:45:00,2022-01-29 21:45:00,0,Present,Present
GYB220130-8017-82119,AQ_25, Support Single Device Monthly Subscription,US,Call,Jacob,49.5,9.97,1,49.5,0,,,,2022-01-31 01:53:00,2022-01-30 23:53:00,2022-01-30 18:53:00,0,N/A,Present
GYB220130-9233-77128,AQ_9, Support 36-month Plan,US,Call,Vicky,684,0,0,0,0,,,,2022-01-30 05:51:00,2022-01-30 03:51:00,2022-01-29 22:51:00,0,N/A,Present
GYB220131-1532-96120,AQ_7, Support One Time PC Support ,AU,Chat,Nick,149.28,0,0,0,0,,,,2022-01-31 03:37:00,2022-01-31 01:37:00,2022-01-30 20:37:00,0,N/A,Present
GYB220131-3398-96108,AQ_1, Support 12-month Plan,CA,Call,Vicky,432.23,173.7,9,0,0,,,,2022-02-01 00:54:00,2022-01-31 22:54:00,2022-01-31 17:54:00,0,N/A,Present
GYB220131-4242-33114,N/A, Support One Time PC Support ,US,N/A,N/A,119.2,0,0,29.8,0,,,,2022-01-31 10:20:00,2022-01-31 08:20:00,2022-01-31 03:20:00,0,N/A,Present
GYB220131-4977-45114,BF.Upgrade, Support 24-month Plan,US,Call,Rodger,460.8,0,0,115.2,0,,,,2022-01-31 10:53:00,2022-01-31 08:53:00,2022-01-31 03:53:00,0,N/A,Present
GYB220131-5570-18414,N/A, Support 12-month plan,UA,N/A,N/A,336,0,0,0,0,,,,2022-01-31 01:43:00,2022-01-30 23:43:00,2022-01-30 18:43:00,0,N/A,Present
GYB220131-5570-23200,N/A, Support 12-month plan,UA,N/A,N/A,336,0,0,0,336,2022-01-31 04:29:00,2022-01-31 02:29:00,2022-01-30 21:29:00,2022-01-31 11:27:00,2022-01-31 09:27:00,2022-01-31 04:27:00,0,Present,Present
GYB220131-5570-24501,N/A, Support 12-month plan,UA,N/A,N/A,336,0,0,0,0,,,,2022-01-31 04:18:00,2022-01-31 02:18:00,2022-01-30 21:18:00,0,N/A,Present
GYB220131-5570-25301,N/A, Support 12-month plan,UA,N/A,N/A,336,0,0,0,336,2022-01-31 04:42:00,2022-01-31 02:42:00,2022-01-30 21:42:00,2022-01-31 11:40:00,2022-01-31 09:40:00,2022-01-31 04:40:00,0,Present,Present
GYB220131-5570-27160,N/A, Support 12-month plan,UA,N/A,N/A,336,0,0,0,336,2022-01-31 04:23:00,2022-01-31 02:23:00,2022-01-30 21:23:00,2022-01-31 11:19:00,2022-01-31 09:19:00,2022-01-31 04:19:00,0,Present,Present
GYB220131-5570-28333,N/A, Support 12-month plan,UA,N/A,N/A,336,0,0,0,336,2022-01-31 05:17:00,2022-01-31 03:17:00,2022-01-30 22:17:00,2022-01-31 00:16:00,2022-01-30 22:16:00,2022-01-30 17:16:00,0,Present,Present
GYB220131-5570-31724,N/A, Support 12-month plan,UA,N/A,N/A,336,0,0,0,0,,,,2022-01-31 05:54:00,2022-01-31 03:54:00,2022-01-30 22:54:00,0,N/A,Present
GYB220131-5570-37532,N/A, Support 12-month plan,UA,N/A,N/A,336,0,0,0,0,,,,2022-01-31 04:25:00,2022-01-31 02:25:00,2022-01-30 21:25:00,0,N/A,Present
GYB220131-5570-38250,N/A, Support 12-month plan,UA,N/A,N/A,336,0,0,0,336,2022-01-31 04:37:00,2022-01-31 02:37:00,2022-01-30 21:37:00,2022-01-31 11:35:00,2022-01-31 09:35:00,2022-01-31 04:35:00,0,Present,Present
GYB220131-5570-42756,N/A, Support 6-month plan,UA,N/A,N/A,199,0,0,19.95,0,,,,2022-01-31 06:50:00,2022-01-31 04:50:00,2022-01-30 23:50:00,0,N/A,Present
GYB220131-5570-44764,N/A, Support 12-month plan,UA,N/A,N/A,299,0,0,19.95,0,,,,2022-01-31 11:39:00,2022-01-31 09:39:00,2022-01-31 04:39:00,0,N/A,Present
GYB220131-5570-47128,N/A, Support 12-month plan,UA,N/A,N/A,336,0,0,0,336,2022-01-31 03:36:00,2022-01-31 01:36:00,2022-01-30 20:36:00,2022-01-31 10:29:00,2022-01-31 08:29:00,2022-01-31 03:29:00,0,Present,Present
GYB220131-5570-49641,N/A, Support 12-month plan,UA,N/A,N/A,336,0,0,0,0,,,,2022-01-31 04:52:00,2022-01-31 02:52:00,2022-01-30 21:52:00,0,N/A,Present
GYB220131-5570-52583,N/A, Support 12-month plan,UA,N/A,N/A,336,0,0,0,0,,,,2022-01-31 04:41:00,2022-01-31 02:41:00,2022-01-30 21:41:00,0,N/A,Present
GYB220131-5570-59368,N/A, Support 12-month plan,UA,N/A,N/A,336,0,0,0,0,,,,2022-01-31 01:34:00,2022-01-30 23:34:00,2022-01-30 18:34:00,0,N/A,Present
GYB220131-5570-69446,N/A, Support 12-month plan,UA,N/A,N/A,336,0,0,0,0,,,,2022-01-31 01:49:00,2022-01-30 23:49:00,2022-01-30 18:49:00,0,N/A,Present
GYB220131-5570-73666,N/A, Support 12-month plan,UA,N/A,N/A,336,0,0,0,0,,,,2022-01-31 04:57:00,2022-01-31 02:57:00,2022-01-30 21:57:00,0,N/A,Present
GYB220131-5570-77615,N/A, Support 12-month plan,UA,N/A,N/A,336,0,0,0,0,,,,2022-01-31 04:44:00,2022-01-31 02:44:00,2022-01-30 21:44:00,0,N/A,Present
GYB220131-5570-86457,N/A, Support 12-month plan,UA,N/A,N/A,336,0,0,0,0,,,,2022-01-31 04:01:00,2022-01-31 02:01:00,2022-01-30 21:01:00,0,N/A,Present
GYB220131-5570-87556,N/A, Support 12-month plan,UA,N/A,N/A,336,0,0,0,0,,,,2022-01-31 04:33:00,2022-01-31 02:33:00,2022-01-30 21:33:00,0,N/A,Present
GYB220131-5570-94231,N/A, Support 12-month plan,UA,N/A,N/A,336,0,0,0,336,2022-01-31 04:33:00,2022-01-31 02:33:00,2022-01-30 21:33:00,2022-01-31 11:30:00,2022-01-31 09:30:00,2022-01-31 04:30:00,0,Present,Present
GYB220131-5570-94688,N/A, Support 12-month plan,UA,N/A,N/A,336,0,0,0,0,,,,2022-01-31 05:00:00,2022-01-31 03:00:00,2022-01-30 22:00:00,0,N/A,Present
GYB220131-9233-32125,AQ_9, Support 36-month Plan,US,Call,Esmee,684,0,0,0,0,,,,2022-01-31 05:51:00,2022-01-31 03:51:00,2022-01-30 22:51:00,0,N/A,Present
GYB220131-9233-33175,AQ_25, Support 6-month Plan,US,Call,Jacob,199.2,0,0,49.8,0,,,,2022-02-01 00:36:00,2022-01-31 22:36:00,2022-01-31 17:36:00,0,N/A,Present
GYB220201-4242-44123,BF.Upgrade, Support 36-month Plan,US,Call,Esmee,684,0,0,0,0,,,,2022-02-01 11:14:00,2022-02-01 09:14:00,2022-02-01 04:14:00,0,N/A,Present
GYB220201-5570-22118,N/A, Support 12-month plan,UA,N/A,N/A,336,39.9,2,0,0,,,,2022-02-01 05:09:00,2022-02-01 03:09:00,2022-01-31 22:09:00,0,N/A,Present
GYB220202-1532-21125,AQ_9, Support Single Device Monthly Subscription,US,Call,Vicky,49.5,109.67,11,49.5,0,,,,2022-02-02 10:36:00,2022-02-02 08:36:00,2022-02-02 03:36:00,0,N/A,Present
GYB220202-1532-71174,AQ_9, Support 12-month Plan,US,Chat,Megan,432,0,0,0,0,,,,2022-02-03 00:38:00,2022-02-02 22:38:00,2022-02-02 17:38:00,0,N/A,Present
GYB220202-3398-32117,AQ.Upgrade, Support 24-month plan,US,Call,Rodger,432,0,0,0,0,,,,2022-02-03 02:56:00,2022-02-03 00:56:00,2022-02-02 19:56:00,0,N/A,Present
GYB220202-5179-53105,N/A, Support One Time PC Support ,US,N/A,N/A,119.2,0,0,29.8,0,,,,2022-02-02 03:48:00,2022-02-02 01:48:00,2022-02-01 20:48:00,0,N/A,Present
GYB220202-9233-91123,AQ_7, Support Single Device Monthly Subscription,AU,Call,Esmee,49.47,0,0,49.47,0,,,,2022-02-03 02:45:00,2022-02-03 00:45:00,2022-02-02 19:45:00,0,N/A,Present
GYB220203-4977-81116,BF.Upgrade, Support 36-month Plan,US,Call,Rodger,478.8,0,0,205.2,0,,,,2022-02-04 01:46:00,2022-02-03 23:46:00,2022-02-03 18:46:00,0,N/A,Present
GYB220203-6501-17170,AQ_9, Support One Time PC Support ,US,Chat,Rinna,149,0,0,0,0,,,,2022-02-04 02:35:00,2022-02-04 00:35:00,2022-02-03 19:35:00,0,N/A,Present
GYB220203-6501-56143,AQ_9, Support One Time PC Support ,US,Call,Jacob,74.5,0,0,74.5,0,,,,2022-02-03 09:32:00,2022-02-03 07:32:00,2022-02-03 02:32:00,0,N/A,Present
GYB220203-6501-77116,AQ_7, Support Single Device Monthly Subscription,AU,Call,Esmee,64.31,0,0,34.63,0,,,,2022-02-03 03:37:00,2022-02-03 01:37:00,2022-02-02 20:37:00,0,N/A,Present
GYB220203-8017-20116,AQ.Upgrade, Support 12-month plan,AU,Call,Esmee,336.25,168.08,9,0,0,,,,2022-02-03 08:43:00,2022-02-03 06:43:00,2022-02-03 01:43:00,0,N/A,Present
GYB220203-9233-51120,AQ_9, Support One Time PC Support ,GB,Chat,Biby,149.31,0,0,0,0,,,,2022-02-03 03:01:00,2022-02-03 01:01:00,2022-02-02 20:01:00,0,N/A,Present
GYB220204-3398-78138,AQ_1, Support 36-month Plan,CA,Call,Esmee,683.97,0,0,0,0,,,,2022-02-04 07:50:00,2022-02-04 05:50:00,2022-02-04 00:50:00,0,N/A,Present
GYB220204-3398-79166,AQ_9, Support 3-month Plan,US,Call,Esmee,199,179.55,9,0,0,,,,2022-02-05 00:03:00,2022-02-04 22:03:00,2022-02-04 17:03:00,0,N/A,Present
GYB220204-5179-13139,AQ_9, Support Single Device Monthly Subscription,US,Call,Jacob,99,19.95,1,0,0,,,,2022-02-04 05:36:00,2022-02-04 03:36:00,2022-02-03 22:36:00,0,N/A,Present
GYB220204-5179-79108,BF.Upgrade, Support 6-month Plan,US,From Support,Rodger,211.65,59.85,3,37.35,0,,,,2022-02-04 03:29:00,2022-02-04 01:29:00,2022-02-03 20:29:00,0,N/A,Present
GYB220204-6501-40120,AQ_9, Support Single Device Monthly Subscription,US,Call,Rodger,49.5,0,0,49.5,49.5,2022-02-04 03:28:00,2022-02-04 01:28:00,2022-02-03 20:28:00,2022-02-04 04:27:00,2022-02-04 02:27:00,2022-02-03 21:27:00,0,Present,Present
GYB220204-8017-76129,AQ_9, Support 12-month Plan,CA,Chat,Rinna,432.28,0,0,0,401.53,2022-03-01 00:30:00,2022-02-28 22:30:00,2022-02-28 17:30:00,2022-02-04 03:59:00,2022-02-04 01:59:00,2022-02-03 20:59:00,24,Present,Present
GYB220205-1532-40144,AQ_9, Support One Time PC Support ,US,Call,Jacob,149,0,0,0,0,,,,2022-02-05 07:10:00,2022-02-05 05:10:00,2022-02-05 00:10:00,0,N/A,Present
GYB220205-1532-89107,AQ.Upgrade, Support 36-month Plan,US,From Support,Megan,513,0,0,171,0,,,,2022-02-05 03:25:00,2022-02-05 01:25:00,2022-02-04 20:25:00,0,N/A,Present
GYB220205-4977-12146,AQ_9, Support Single Device Monthly Subscription,US,Call,Esmee,49.5,0,0,49.5,0,,,,2022-02-06 02:37:00,2022-02-06 00:37:00,2022-02-05 19:37:00,0,N/A,Present
GYB220205-6501-14156,AQ_9, Support 3-month Plan,US,Call,Vicky,199,219.45,11,0,0,,,,2022-02-05 06:00:00,2022-02-05 04:00:00,2022-02-04 23:00:00,0,N/A,Present
GYB220205-6501-27168,N/A, Support 12-month Plan,US,N/A,N/A,432,0,0,0,0,,,,2022-02-05 03:21:00,2022-02-05 01:21:00,2022-02-04 20:21:00,0,N/A,Present
GYB220205-9233-32114,AQ_9, Support Multiple Device Monthly Subscription,US,Call,Esmee,49.5,0,0,49.5,0,,,,2022-02-06 01:16:00,2022-02-05 23:16:00,2022-02-05 18:16:00,0,N/A,Present
GYB220206-8017-49132,AQ_7, Support 36-month Plan,AU,Call,Esmee,683.47,0,0,0,480.66,2022-02-23 07:54:00,2022-02-23 05:54:00,2022-02-23 00:54:00,2022-02-06 06:42:00,2022-02-06 04:42:00,2022-02-05 23:42:00,17,Present,Present
GYB220206-9233-36137,AQ_9, Support 36-month Plan,US,Call,Nick,684,0,0,0,535,2022-04-29 09:17:00,2022-04-29 06:17:00,2022-04-29 02:17:00,2022-02-06 11:58:00,2022-02-06 09:58:00,2022-02-06 04:58:00,81,Present,Present
GYB220206-9233-87112,BF.Upgrade, Support 36-month Plan,CA,Call,Rodger,580.95,0,0,102.52,0,,,,2022-02-06 05:42:00,2022-02-06 03:42:00,2022-02-05 22:42:00,0,N/A,Present
GYB220207-3398-46122,AQ_9, Support 36-month Plan,US,Chat,Jules,684,0,0,0,0,,,,2022-02-07 11:34:00,2022-02-07 09:34:00,2022-02-07 04:34:00,0,N/A,Present
GYB220207-4977-14110,AQ_9, Support Single Device Monthly Subscription,US,Call,Jacob,49.5,0,0,49.5,0,,,,2022-02-07 04:26:00,2022-02-07 02:26:00,2022-02-06 21:26:00,0,N/A,Present
GYB220207-6501-53148,N/A, Support Multiple Device Monthly Subscription,US,N/A,N/A,99,499,20,0,0,,,,2022-02-08 02:54:00,2022-02-08 00:54:00,2022-02-07 19:54:00,0,N/A,Present
GYB220207-8017-38112,AQ_9, Support Single Device Monthly Subscription,US,Call,Esmee,49.5,0,0,49.5,0,,,,2022-02-07 09:58:00,2022-02-07 07:58:00,2022-02-07 02:58:00,0,N/A,Present
GYB220208-1532-60120,AQ_9, Support Single Device Monthly Subscription,US,Call,Esmee,64.35,0,0,34.65,0,,,,2022-02-08 06:59:00,2022-02-08 04:59:00,2022-02-07 23:59:00,0,N/A,Present
GYB220208-1532-96132,AQ_9, Support 6-month Plan,US,Chat,Rinna,336,0,0,0,0,,,,2022-02-08 08:26:00,2022-02-08 06:26:00,2022-02-08 01:26:00,0,N/A,Present
GYB220208-4977-27132,AQ_25, Support Multiple Device Monthly Subscription,US,Call,Esmee,64.35,0,0,34.65,0,,,,2022-02-08 09:25:00,2022-02-08 07:25:00,2022-02-08 02:25:00,0,N/A,Present
GYB220208-5179-29145,AQ_9, Support Single Device Monthly Subscription,US,Chat,Rinna,99,0,0,0,0,,,,2022-02-08 10:22:00,2022-02-08 08:22:00,2022-02-08 03:22:00,0,N/A,Present
GYB220208-5179-48103,AQ_9, Support 3-month Plan,US,Call,Megan,179.1,0,0,19.9,0,,,,2022-02-08 10:20:00,2022-02-08 08:20:00,2022-02-08 03:20:00,0,N/A,Present
GYB220208-9233-27117,AQ_9, Support 3-month Plan,US,Call,Esmee,139.3,339.15,17,59.7,0,,,,2022-02-08 08:33:00,2022-02-08 06:33:00,2022-02-08 01:33:00,0,N/A,Present
GYB220209-5179-18117,BF.Upgrade, Support 36-month Plan,US,From Support,Rodger,684,0,0,0,684,2022-02-09 02:47:00,2022-02-09 00:47:00,2022-02-08 19:47:00,2022-02-09 04:59:00,2022-02-09 02:59:00,2022-02-08 21:59:00,0,Present,Present
GYB220209-6501-27122,AQ_9, Support One Time PC Support ,CA,Chat,Megan,111.74,0,0,37.25,0,,,,2022-02-09 09:41:00,2022-02-09 07:41:00,2022-02-09 02:41:00,0,N/A,Present
GYB220209-8017-14101,AQ_9, Support 6-month Plan,US,Chat,Jules,199.2,279.3,14,49.8,0,,,,2022-02-09 04:19:00,2022-02-09 02:19:00,2022-02-08 21:19:00,0,N/A,Present
GYB220209-8017-43125,AQ_9, Support 24-month Plan,CA,Call,Rodger,460.43,0,0,115.11,428.67,2022-03-14 00:05:00,2022-03-13 22:05:00,2022-03-13 18:05:00,2022-02-09 05:22:00,2022-02-09 03:22:00,2022-02-08 22:22:00,32,Present,Present
GYB220209-9233-48119,BF.Upgrade, Support 36-month Plan,US,From Support,Rodger,478.8,0,0,205.2,0,,,,2022-02-09 04:42:00,2022-02-09 02:42:00,2022-02-08 21:42:00,0,N/A,Present
GYB220210-1230-62119,AQ_1, Support 6-month Plan,CA,Call,Jayce,268.95,0,0,67.24,0,,,,2022-02-11 00:48:00,2022-02-10 22:48:00,2022-02-10 17:48:00,0,N/A,Present
GYB220210-1469-55133,AQ_9, Support Single Device Monthly Subscription,US,Call,Vicky,64.35,319.2,16,34.65,0,,,,2022-02-11 00:45:00,2022-02-10 22:45:00,2022-02-10 17:45:00,0,N/A,Present
GYB220210-1469-74113,AQ_9, Support 24-month Plan,US,Chat,Olivia,460.8,0,0,115.2,0,,,,2022-02-10 10:37:00,2022-02-10 08:37:00,2022-02-10 03:37:00,0,N/A,Present
GYB220210-1833-24119,AQ_1, Support One Time PC Support ,US,Call,Esmee,74.5,0,0,74.5,0,,,,2022-02-10 06:36:00,2022-02-10 04:36:00,2022-02-09 23:36:00,0,N/A,Present
GYB220210-2092-53113,AQ_9, Support One Time PC Support ,AU,Chat,Biby,149.11,0,0,0,0,,,,2022-02-10 03:48:00,2022-02-10 01:48:00,2022-02-09 20:48:00,0,N/A,Present
GYB220210-2756-95124,AQ_9, Support 36-month Plan,US,Call,Nick,684,0,0,0,0,,,,2022-02-10 06:21:00,2022-02-10 04:21:00,2022-02-09 23:21:00,0,N/A,Present
GYB220210-3843-19147,AQ_9, Support One Time PC Support ,US,Chat,Olivia,149,0,0,0,0,,,,2022-02-10 11:05:00,2022-02-10 09:05:00,2022-02-10 04:05:00,0,N/A,Present
GYB220210-4943-65122,AQ_9, Support One Time PC Support ,US,Chat,Olivia,119.2,0,0,29.8,0,,,,2022-02-10 06:52:00,2022-02-10 04:52:00,2022-02-09 23:52:00,0,N/A,Present
GYB220210-5240-20112,AQ_9, Support One Time PC Support ,US,Call,Esmee,149,0,0,0,0,,,,2022-02-10 11:54:00,2022-02-10 09:54:00,2022-02-10 04:54:00,0,N/A,Present
GYB220211-1469-20108,AQ_9, Support Single Device Monthly Subscription,MT,Chat,Megan,99.07,95.53,5,0,0,,,,2022-02-11 03:34:00,2022-02-11 01:34:00,2022-02-10 20:34:00,0,N/A,Present
GYB220211-1469-33138,AQ_7, Support 36-month Plan,AU,Call,Vicky,683.91,0,0,0,0,,,,2022-02-11 05:10:00,2022-02-11 03:10:00,2022-02-10 22:10:00,0,N/A,Present
GYB220211-1469-65159,AQ_25, Support 36-month Plan,US,Call,Nick,684,0,0,0,684,2022-03-04 08:01:00,2022-03-04 06:01:00,2022-03-04 01:01:00,2022-02-11 07:59:00,2022-02-11 05:59:00,2022-02-11 00:59:00,21,Present,Present
GYB220211-1469-74188,AQ_9, Support 3-month Plan,US,Call,Jacob,149.25,0,0,49.75,0,,,,2022-02-11 08:09:00,2022-02-11 06:09:00,2022-02-11 01:09:00,0,N/A,Present
GYB220211-1596-53140,AQ_1, Support 24-month Plan,CA,Call,Esmee,576,0,0,0,0,,,,2022-02-12 02:27:00,2022-02-12 00:27:00,2022-02-11 19:27:00,0,N/A,Present
GYB220211-1596-92116,AQ_9, Support One Time PC Support ,US,Chat,Biby,149,0,0,0,0,,,,2022-02-12 00:16:00,2022-02-11 22:16:00,2022-02-11 17:16:00,0,N/A,Present
GYB220211-3843-60119,AQ_5, Support Single Device Monthly Subscription,US,Call,Jacob,74.25,0,0,24.75,0,,,,2022-02-11 07:07:00,2022-02-11 05:07:00,2022-02-11 00:07:00,0,N/A,Present
GYB220211-3843-87152,AQ_9, Support 3-month Plan,US,Call,Rodger,159.2,0,0,39.8,0,,,,2022-02-11 10:36:00,2022-02-11 08:36:00,2022-02-11 03:36:00,0,N/A,Present
GYB220211-5240-78127,AQ_9, Support 24-month Plan,US,Chat,Megan,576,0,0,0,426,2022-03-21 11:12:00,2022-03-21 09:12:00,2022-03-21 05:12:00,2022-02-11 03:01:00,2022-02-11 01:01:00,2022-02-10 20:01:00,38,Present,Present
GYB220211-6036-80122,AQ_1, Support 36-month Plan,US,Call,Esmee,581.4,0,0,102.6,0,,,,2022-02-12 00:20:00,2022-02-11 22:20:00,2022-02-11 17:20:00,0,N/A,Present
GYB220212-1230-50107,AQ_9, Support Single Device Monthly Subscription,US,Call,Esmee,49.5,0,0,49.5,0,,,,2022-02-12 07:43:00,2022-02-12 05:43:00,2022-02-12 00:43:00,0,N/A,Present
GYB220212-1469-14155,AQ_1, Support Single Device Monthly Subscription,US,Call,Jacob,74.25,0,0,24.75,0,,,,2022-02-13 01:04:00,2022-02-12 23:04:00,2022-02-12 18:04:00,0,N/A,Present
GYB220212-4018-20134,AQ_9, Support Single Device Monthly Subscription,IL,Chat,Clary,99,0,0,0,0,,,,2022-02-12 05:48:00,2022-02-12 03:48:00,2022-02-11 22:48:00,0,N/A,Present
GYB220212-4018-47111,AQ_9, Support 12-month Plan,US,Call,Rodger,302.4,0,0,129.6,0,,,,2022-02-12 03:45:00,2022-02-12 01:45:00,2022-02-11 20:45:00,0,N/A,Present
GYB220212-5240-72122,AQ_9, Support 12-month Plan,US,Call,Esmee,324,0,0,108,0,,,,2022-02-12 05:22:00,2022-02-12 03:22:00,2022-02-11 22:22:00,0,N/A,Present
GYB220212-7843-23149,AQ_9, Support 6-month Plan,US,Call,Esmee,249,59.85,3,0,0,,,,2022-02-12 10:27:00,2022-02-12 08:27:00,2022-02-12 03:27:00,0,N/A,Present
GYB220212-7843-92119,AQ_9, Support One Time PC Support ,US,Chat,Biby,149,0,0,0,0,,,,2022-02-12 08:24:00,2022-02-12 06:24:00,2022-02-12 01:24:00,0,N/A,Present
GYB220213-1230-82119,AQ_1, Support Single Device Monthly Subscription,CA,Call,Jackie,99.28,0,0,0,0,,,,2022-02-13 09:16:00,2022-02-13 07:16:00,2022-02-13 02:16:00,0,N/A,Present
GYB220213-1469-14128,AQ_9, Support 12-month Plan,US,Chat,Jules,432,0,0,0,0,,,,2022-02-13 04:57:00,2022-02-13 02:57:00,2022-02-12 21:57:00,0,N/A,Present
GYB220213-1596-48133,AQ_9, Support 24-month Plan,US,Call,Rodger,576,0,0,0,0,,,,2022-02-13 10:34:00,2022-02-13 08:34:00,2022-02-13 03:34:00,0,N/A,Present
GYB220213-3843-45125,AQ_9, Support 36-month Plan,US,Chat,Olivia,684,0,0,0,0,,,,2022-02-14 01:10:00,2022-02-13 23:10:00,2022-02-13 18:10:00,0,N/A,Present
GYB220213-5240-26132,AQ_9, Support Single Device Monthly Subscription,US,Call,Esmee,64.35,0,0,34.65,64.35,2022-02-14 02:39:00,2022-02-14 00:39:00,2022-02-13 19:39:00,2022-02-13 03:46:00,2022-02-13 01:46:00,2022-02-12 20:46:00,0,Present,Present
GYB220213-6036-64129,AQ_9, Support One Time PC Support ,US,Call,Esmee,74.5,0,0,74.5,0,,,,2022-02-13 07:05:00,2022-02-13 05:05:00,2022-02-13 00:05:00,0,N/A,Present
GYB220214-1469-52121,AQ_9, Support One Time PC Support ,US,Chat,Jules,149,0,0,0,0,,,,2022-02-15 01:18:00,2022-02-14 23:18:00,2022-02-14 18:18:00,0,N/A,Present
GYB220214-1469-56156,AQ_1, Support Single Device Monthly Subscription,CA,Call,Jackie,49.64,0,0,49.64,0,,,,2022-02-15 01:22:00,2022-02-14 23:22:00,2022-02-14 18:22:00,0,N/A,Present
GYB220214-6036-21125,AQ_9, Support 36-month Plan,US,Call,Jackie,684,0,0,0,0,,,,2022-02-14 06:38:00,2022-02-14 04:38:00,2022-02-13 23:38:00,0,N/A,Present
GYB220214-6036-72107,N/A, Support One Time PC Support ,US,N/A,N/A,96.85,0,0,52.15,0,,,,2022-02-14 04:59:00,2022-02-14 02:59:00,2022-02-13 21:59:00,0,N/A,Present
GYB220215-1469-62125,AQ_9, Support 24-month Plan,US,Call,Vicky,576,0,0,0,300,2022-04-07 11:08:00,2022-04-07 08:08:00,2022-04-07 04:08:00,2022-02-15 10:28:00,2022-02-15 08:28:00,2022-02-15 03:28:00,50,Present,Present
GYB220215-1596-15110,AQ_9, Support 36-month Plan,US,Call,Jayce,684,0,0,0,684,2022-02-24 08:02:00,2022-02-24 06:02:00,2022-02-24 01:02:00,2022-02-15 08:03:00,2022-02-15 06:03:00,2022-02-15 01:03:00,8,Present,Present
GYB220215-5240-75172,AQ_9, Support One Time PC Support ,US,Chat,Rinna,149,0,0,0,0,,,,2022-02-16 01:22:00,2022-02-15 23:22:00,2022-02-15 18:22:00,0,N/A,Present
GYB220215-5240-93129,AQ_1, Support Single Device Monthly Subscription,CA,Call,Jackie,49.61,20.51,2,49.61,0,,,,2022-02-16 00:42:00,2022-02-15 22:42:00,2022-02-15 17:42:00,0,N/A,Present
GYB220216-3843-67122,AQ_25, Support One Time PC Support ,US,Call,Esmee,96.85,0,0,52.15,0,,,,2022-02-16 09:07:00,2022-02-16 07:07:00,2022-02-16 02:07:00,0,N/A,Present
GYB220216-4018-97119,AQ_9, Support 36-month Plan,GB,Chat,Biby,683.77,0,0,0,0,,,,2022-02-16 07:26:00,2022-02-16 05:26:00,2022-02-16 00:26:00,0,N/A,Present
GYB220216-9780-48120,AQ_7, Support 36-month Plan,AU,Call,Jackie,683.38,0,0,0,0,,,,2022-02-16 04:34:00,2022-02-16 02:34:00,2022-02-15 21:34:00,0,N/A,Present
GYB220217-1324-28136,AQ_9, Support 3-month Plan,US,Call,Rodger,139.3,19.95,1,59.7,0,,,,2022-02-17 09:38:00,2022-02-17 07:38:00,2022-02-17 02:38:00,0,N/A,Present
GYB220217-1324-81112,AQ_9, Support 12-month Plan,US,Chat,Olivia,432,0,0,0,300,2022-02-28 01:32:00,2022-02-27 23:32:00,2022-02-27 18:32:00,2022-02-17 07:34:00,2022-02-17 05:34:00,2022-02-17 00:34:00,10,Present,Present
GYB220217-1791-56133,AQ_1, Support 24-month Plan,CA,Call,Vicky,576.05,0,0,0,0,,,,2022-02-17 05:23:00,2022-02-17 03:23:00,2022-02-16 22:23:00,0,N/A,Present
GYB220217-2723-85130,AQ.Upgrade, Support 36-month Plan,US,Call,Esmee,615.6,0,0,68.4,0,,,,2022-02-17 06:07:00,2022-02-17 04:07:00,2022-02-16 23:07:00,0,N/A,Present
GYB220217-4103-59140,AQ_9, Support 12-month Plan,PA,Call,Nick,432,0,0,0,283,2022-03-18 11:23:00,2022-03-18 09:23:00,2022-03-18 05:23:00,2022-02-18 00:41:00,2022-02-17 22:41:00,2022-02-17 17:41:00,28,Present,Present
GYB220217-4827-85118,AQ_9, Support One Time PC Support ,US,Call,Jacob,96.85,0,0,52.15,0,,,,2022-02-18 00:25:00,2022-02-17 22:25:00,2022-02-17 17:25:00,0,N/A,Present
GYB220217-7423-36114,AQ_9, Support 6-month Plan,US,Call,Nick,199.2,59.85,3,49.8,0,,,,2022-02-18 01:47:00,2022-02-17 23:47:00,2022-02-17 18:47:00,0,N/A,Present
GYB220217-8578-93123,PDFSuite.CTA, Support One Time PC Support ,US,Chat,Megan,149,0,0,0,0,,,,2022-02-17 03:14:00,2022-02-17 01:14:00,2022-02-16 20:14:00,0,N/A,Present
GYB220217-9979-62120,AQ_25, Support Multiple Device Monthly Subscription,US,Call,Rodger,49.5,74.82,6,49.5,0,,,,2022-02-17 05:32:00,2022-02-17 03:32:00,2022-02-16 22:32:00,0,N/A,Present
GYB220218-1719-79130,N/A, Support 36-month plan,GB,N/A,N/A,575.56,57.77,3,0,372.83,2022-03-13 00:25:00,2022-03-12 22:25:00,2022-03-12 17:25:00,2022-02-18 09:17:00,2022-02-18 07:17:00,2022-02-18 02:17:00,22,Present,Present
GYB220218-1719-97110,AQ_9, Support One Time PC Support ,US,Call,Nick,149,0,0,0,0,,,,2022-02-18 06:33:00,2022-02-18 04:33:00,2022-02-17 23:33:00,0,N/A,Present
GYB220218-6894-75107,AQ_9, Support Multiple Device Monthly Subscription,US,Call,Rodger,49.5,24.94,2,49.5,0,,,,2022-02-18 10:19:00,2022-02-18 08:19:00,2022-02-18 03:19:00,0,N/A,Present
GYB220218-6894-79140,AQ_9, Support One Time PC Support ,US,Chat,Biby,149,0,0,0,0,,,,2022-02-18 11:42:00,2022-02-18 09:42:00,2022-02-18 04:42:00,0,N/A,Present
GYB220218-7311-61120,AQ.Upgrade, Support 12-month Plan,US,From Support,Rodger,302.4,0,0,129.6,0,,,,2022-02-18 07:54:00,2022-02-18 05:54:00,2022-02-18 00:54:00,0,N/A,Present
GYB220218-8715-39126,AQ_1, Support 24-month Plan,US,Call,Rodger,576,0,0,0,0,,,,2022-02-18 05:02:00,2022-02-18 03:02:00,2022-02-17 22:02:00,0,N/A,Present
GYB220219-3437-51117,AQ_9, Support 36-month Plan,GB,Call,Jackie,683.91,0,0,0,0,,,,2022-02-19 05:44:00,2022-02-19 03:44:00,2022-02-18 22:44:00,0,N/A,Present
GYB220219-6344-17113,AQ_7, Support Single Device Monthly Subscription,AU,Call,Rodger,84.24,0,0,14.87,0,,,,2022-02-20 00:04:00,2022-02-19 22:04:00,2022-02-19 17:04:00,0,N/A,Present
GYB220219-6643-35171,AQ_9, Support One Time PC Support ,US,Chat,Ruby,149,0,0,0,0,,,,2022-02-20 01:05:00,2022-02-19 23:05:00,2022-02-19 18:05:00,0,N/A,Present
GYB220219-6643-41143,AQ_9, Support Single Device Monthly Subscription,US,Call,Rodger,84.15,0,0,14.85,0,,,,2022-02-19 10:47:00,2022-02-19 08:47:00,2022-02-19 03:47:00,0,N/A,Present
GYB220219-6643-67120,AQ_9, Support 12-month Plan,US,Chat,Jules,432,0,0,0,0,,,,2022-02-19 09:10:00,2022-02-19 07:10:00,2022-02-19 02:10:00,0,N/A,Present
GYB220219-6894-98116,AQ_9, Support 3-month Plan,US,Call,Jackie,159.2,39.9,2,39.8,0,,,,2022-02-19 10:00:00,2022-02-19 08:00:00,2022-02-19 03:00:00,0,N/A,Present
GYB220219-7341-65119,N/A, Support 36-month Plan,US,N/A,N/A,547.2,0,0,136.8,0,,,,2022-02-19 03:32:00,2022-02-19 01:32:00,2022-02-18 20:32:00,0,N/A,Present
GYB220220-6344-60136,AQ_9, Support One Time PC Support ,US,Chat,Jules,119.2,0,0,29.8,0,,,,2022-02-21 02:21:00,2022-02-21 00:21:00,2022-02-20 19:21:00,0,N/A,Present
GYB220220-6894-55191,BF.Upgrade, Support 36-month plan,US,Call,Rodger,576,0,0,0,0,,,,2022-02-21 02:15:00,2022-02-21 00:15:00,2022-02-20 19:15:00,0,N/A,Present
GYB220220-6894-63128,N/A, Support One Time PC Support ,US,N/A,N/A,149,0,0,0,0,,,,2022-02-20 08:42:00,2022-02-20 06:42:00,2022-02-20 01:42:00,0,N/A,Present
GYB220220-7341-39112,AQ_7, Support One Time PC Support ,AU,Call,Jackie,74.67,0,0,74.67,0,,,,2022-02-20 11:06:00,2022-02-20 09:06:00,2022-02-20 04:06:00,0,N/A,Present
GYB220221-3437-92119,AQ_1, Support One Time PC Support ,US,Call,Vicky,74.5,0,0,74.5,0,,,,2022-02-22 00:51:00,2022-02-21 22:51:00,2022-02-21 17:51:00,0,N/A,Present
GYB220221-3925-60124,N/A, Support Single Device Monthly Subscription,US,N/A,N/A,49.5,0,0,49.5,0,,,,2022-02-21 05:09:00,2022-02-21 03:09:00,2022-02-20 22:09:00,0,N/A,Present
GYB220221-3925-93142,N/A, Support One Time PC Support ,US,N/A,N/A,74.5,0,0,74.5,0,,,,2022-02-21 08:52:00,2022-02-21 06:52:00,2022-02-21 01:52:00,0,N/A,Present
GYB220221-6643-26110,AQ_9, Support Single Device Monthly Subscription,US,Call,Rodger,49.5,0,0,49.5,0,,,,2022-02-21 05:13:00,2022-02-21 03:13:00,2022-02-20 22:13:00,0,N/A,Present
GYB220221-7341-37129,N/A, Support 36-month Plan,US,N/A,N/A,684,0,0,0,0,,,,2022-02-21 09:33:00,2022-02-21 07:33:00,2022-02-21 02:33:00,0,N/A,Present
GYB220221-9523-16124,AQ_7, Support 12-month Plan,AU,Call,Rodger,302.56,19.28,1,129.67,0,,,,2022-02-21 07:18:00,2022-02-21 05:18:00,2022-02-21 00:18:00,0,N/A,Present
GYB220221-9523-20157,N/A, Support 36-month Plan,US,N/A,N/A,581.4,0,0,102.6,500,2022-02-25 04:45:00,2022-02-25 02:45:00,2022-02-24 21:45:00,2022-02-21 08:38:00,2022-02-21 06:38:00,2022-02-21 01:38:00,3,Present,Present
GYB220222-1825-75144,N/A, Support One Time PC Support ,CA,N/A,N/A,111.9,0,0,37.3,0,,,,2022-02-22 10:18:00,2022-02-22 08:18:00,2022-02-22 03:18:00,0,N/A,Present
GYB220222-3437-12141,N/A, Support Single Device Monthly Subscription,US,N/A,N/A,49.5,0,0,49.5,0,,,,2022-02-23 02:16:00,2022-02-23 00:16:00,2022-02-22 19:16:00,0,N/A,Present
GYB220222-3437-47118,N/A, Support 12-month plan,US,N/A,N/A,285.6,19.95,1,50.4,0,,,,2022-02-22 05:58:00,2022-02-22 03:58:00,2022-02-21 22:58:00,0,N/A,Present
GYB220222-3925-33137,AQ_21, Support 3-month Plan,US,Chat,Keira,199,0,0,0,0,,,,2022-02-22 08:03:00,2022-02-22 06:03:00,2022-02-22 01:03:00,0,N/A,Present
GYB220222-3925-65102,N/A, Support 36-month Plan,US,N/A,N/A,513,0,0,171,513,2022-04-04 10:03:00,2022-04-04 07:03:00,2022-04-04 03:03:00,2022-02-22 03:16:00,2022-02-22 01:16:00,2022-02-21 20:16:00,41,Present,Present
GYB220222-3925-79198,N/A, Support 12-month Plan,GB,N/A,N/A,432.46,0,0,0,0,,,,2022-02-23 01:20:00,2022-02-22 23:20:00,2022-02-22 18:20:00,0,N/A,Present
GYB220222-6643-83126,N/A, Support Single Device Monthly Subscription,CA,N/A,N/A,99.22,0,0,0,92.61,2022-05-05 05:24:00,2022-05-05 02:24:00,2022-05-04 22:24:00,2022-02-22 09:20:00,2022-02-22 07:20:00,2022-02-22 02:20:00,71,Present,Present
GYB220222-6643-85114,N/A, Support 12-month Plan,AU,N/A,N/A,432.2,0,0,0,0,,,,2022-02-22 05:55:00,2022-02-22 03:55:00,2022-02-21 22:55:00,0,N/A,Present
GYB220222-6643-97159,ByteFence.CTA, Support Multiple Device Monthly Subscription,US,From Support,Nick,64.35,0,0,34.65,0,,,,2022-02-23 00:57:00,2022-02-22 22:57:00,2022-02-22 17:57:00,0,N/A,Present
GYB220222-7341-41104,AQ_1, Support Multiple Device Monthly Subscription,CA,Call,Rodger,99.22,0,0,0,0,,,,2022-02-22 11:28:00,2022-02-22 09:28:00,2022-02-22 04:28:00,0,N/A,Present
GYB220223-6894-83113,N/A, Support 12-month Plan,US,N/A,N/A,432,0,0,0,0,,,,2022-02-23 10:05:00,2022-02-23 08:05:00,2022-02-23 03:05:00,0,N/A,Present
GYB220223-7341-49130,AQ_9, Support Multiple Device Monthly Subscription,US,Call,Rodger,49.5,24.94,2,49.5,0,,,,2022-02-23 11:12:00,2022-02-23 09:12:00,2022-02-23 04:12:00,0,N/A,Present
GYB220224-3437-55128,AQ_21, Support 6-month Plan,CA,Ticket,Ruby,249.42,39.22,2,0,0,,,,2022-02-24 08:25:00,2022-02-24 06:25:00,2022-02-24 01:25:00,0,N/A,Present
GYB220224-6344-94127,N/A, Support 12-month Plan,US,N/A,N/A,324,0,0,108,0,,,,2022-02-24 03:32:00,2022-02-24 01:32:00,2022-02-23 20:32:00,0,N/A,Present
GYB220224-7955-11142,N/A, Support One Time PC Support ,CA,N/A,N/A,74.68,0,0,74.68,0,,,,2022-02-25 01:10:00,2022-02-24 23:10:00,2022-02-24 18:10:00,0,N/A,Present
GYB220224-9523-71127,N/A, Support One Time PC Support ,US,N/A,N/A,96.85,0,0,52.15,0,,,,2022-02-24 05:05:00,2022-02-24 03:05:00,2022-02-23 22:05:00,0,N/A,Present
GYB220225-6849-52135,AQ_9, Support Single Device Monthly Subscription,US,Call,Jackie,49.5,189.43,19,49.5,0,,,,2022-02-25 07:11:00,2022-02-25 05:11:00,2022-02-25 00:11:00,0,N/A,Present
GYB220226-3969-68106,AQ_9, Support One Time PC Support ,US,Call,Vicky,74.5,0,0,74.5,0,,,,2022-02-26 05:49:00,2022-02-26 03:49:00,2022-02-25 22:49:00,0,N/A,Present
GYB220227-3240-47111,N/A, Support One Time PC Support ,GB,N/A,N/A,149.8,0,0,0,0,,,,2022-02-27 10:10:00,2022-02-27 08:10:00,2022-02-27 03:10:00,0,N/A,Present
GYB220227-3969-54123,N/A, Support 36-month Plan,US,N/A,N/A,547.2,0,0,136.8,0,,,,2022-02-27 11:38:00,2022-02-27 09:38:00,2022-02-27 04:38:00,0,N/A,Present
GYB220227-6206-73123,AQ_9, Support 36-month Plan,US,Chat,Jules,684,0,0,0,0,,,,2022-02-27 03:11:00,2022-02-27 01:11:00,2022-02-26 20:11:00,0,N/A,Present
GYB220227-6206-97164,N/A, Support One Time PC Support ,US,N/A,N/A,149,0,0,0,0,,,,2022-02-27 10:08:00,2022-02-27 08:08:00,2022-02-27 03:08:00,0,N/A,Present
GYB220228-5377-43114,AQ_21, Support 3-month Plan,GB,Chat,Keira,199.56,0,0,0,0,,,,2022-03-01 00:16:00,2022-02-28 22:16:00,2022-02-28 17:16:00,0,N/A,Present
GYB220228-6206-73107,N/A, Support 12-month Plan,US,N/A,N/A,302.4,0,0,129.6,0,,,,2022-02-28 07:20:00,2022-02-28 05:20:00,2022-02-28 00:20:00,0,N/A,Present
GYB220228-6849-15105,N/A, Support 12-month Plan,CA,N/A,N/A,302.58,0,0,129.68,0,,,,2022-03-01 00:23:00,2022-02-28 22:23:00,2022-02-28 17:23:00,0,N/A,Present
GYB220301-3240-50125,AQ.Upgrade, Support Single Device Monthly Subscription,CA,Call,Jackie,99.26,333.92,17,0,0,,,,2022-03-01 08:47:00,2022-03-01 06:47:00,2022-03-01 01:47:00,0,N/A,Present
GYB220301-3969-41127,AQ_9, Support 36-month Plan,US,Chat,Jules,684,0,0,0,0,,,,2022-03-01 09:36:00,2022-03-01 07:36:00,2022-03-01 02:36:00,0,N/A,Present
GYB220301-6206-89120,AQ_9, Support One Time PC Support ,IL,Chat,Jules,149,0,0,0,0,,,,2022-03-01 02:22:00,2022-03-01 00:22:00,2022-02-28 19:22:00,0,N/A,Present
GYB220302-3240-59133,BF.Upgrade, Support 36-month Plan,US,From Support,Rodger,478.8,0,0,205.2,0,,,,2022-03-02 05:55:00,2022-03-02 03:55:00,2022-03-01 22:55:00,0,N/A,Present
GYB220302-5377-65116,AQ_21, Support 3-month Plan,US,Chat,Keira,199,59.85,3,0,0,,,,2022-03-02 04:13:00,2022-03-02 02:13:00,2022-03-01 21:13:00,0,N/A,Present
GYB220303-5377-72116,N/A, Support One Time PC Support ,US,N/A,N/A,149,0,0,0,0,,,,2022-03-03 11:39:00,2022-03-03 09:39:00,2022-03-03 04:39:00,0,N/A,Present
GYB220303-7835-78112,N/A, Support 36-month Plan,SG,N/A,N/A,580.85,0,0,102.5,0,,,,2022-03-03 04:29:00,2022-03-03 02:29:00,2022-03-02 21:29:00,0,N/A,Present
GYB220304-3969-90145,AQ_9, Support 12-month Plan,US,Chat,Jules,345.6,159.6,8,86.4,0,,,,2022-03-05 02:41:00,2022-03-05 00:41:00,2022-03-04 19:41:00,0,N/A,Present
GYB220304-5377-70126,AQ_9, Support 3-month Plan,US,Call,Jackie,149.25,239.4,12,49.75,0,,,,2022-03-05 02:09:00,2022-03-05 00:09:00,2022-03-04 19:09:00,0,N/A,Present
GYB220304-6849-18122,AQ_25, Support One Time PC Support ,US,Call,Jackie,111.75,0,0,37.25,111.75,2022-03-04 04:11:00,2022-03-04 02:11:00,2022-03-03 21:11:00,2022-03-04 07:43:00,2022-03-04 05:43:00,2022-03-04 00:43:00,0,Present,Present
GYB220304-7955-24111,AQ_9, Support One Time PC Support ,US,Call,Jackie,96.85,0,0,52.15,0,,,,2022-03-04 11:39:00,2022-03-04 09:39:00,2022-03-04 04:39:00,0,N/A,Present
GYB220305-3969-90131,N/A, Support One Time PC Support ,US,N/A,N/A,149,0,0,0,0,,,,2022-03-05 10:32:00,2022-03-05 08:32:00,2022-03-05 03:32:00,0,N/A,Present
GYB220306-5675-78115,AQ_9, Support Multiple Device Monthly Subscription,US,Call,Vicky,79.2,0,0,19.8,0,,,,2022-03-07 02:10:00,2022-03-07 00:10:00,2022-03-06 19:10:00,0,N/A,Present
GYB220306-6206-92115,N/A, Support One Time PC Support ,US,N/A,N/A,149,0,0,0,0,,,,2022-03-06 04:08:00,2022-03-06 02:08:00,2022-03-05 21:08:00,0,N/A,Present
GYB220306-7835-66111,AQ_21, Support 3-month Plan,US,Chat,Keira,199,39.9,2,0,0,,,,2022-03-06 11:20:00,2022-03-06 09:20:00,2022-03-06 04:20:00,0,N/A,Present
GYB220307-3969-17116,N/A, Support 36-month Plan,US,N/A,N/A,684,0,0,0,535,2022-04-11 10:41:00,2022-04-11 07:41:00,2022-04-11 03:41:00,2022-03-07 03:12:00,2022-03-07 01:12:00,2022-03-06 20:12:00,35,Present,Present
GYB220307-3969-71174,N/A, Support 12-month Plan,US,N/A,N/A,432,159.6,8,0,0,,,,2022-03-08 02:25:00,2022-03-08 00:25:00,2022-03-07 19:25:00,0,N/A,Present
GYB220307-6206-11131,AQ_9, Support 36-month Plan,US,Chat,Jules,684,0,0,0,0,,,,2022-03-07 04:48:00,2022-03-07 02:48:00,2022-03-06 21:48:00,0,N/A,Present
GYB220308-5377-94125,N/A, Support 12-month Plan,CA,N/A,N/A,323.66,0,0,107.89,0,,,,2022-03-08 06:02:00,2022-03-08 04:02:00,2022-03-07 23:02:00,0,N/A,Present
GYB220308-5675-30119,N/A, Support 12-month Plan,US,N/A,N/A,432,39.9,2,0,0,,,,2022-03-08 04:20:00,2022-03-08 02:20:00,2022-03-07 21:20:00,0,N/A,Present
GYB220308-5675-46158,AQ_9, Support One Time PC Support ,US,Call,Jackie,96.85,0,0,52.15,0,,,,2022-03-08 07:37:00,2022-03-08 05:37:00,2022-03-08 00:37:00,0,N/A,Present
GYB220308-5675-51176,N/A, Support Single Device Monthly Subscription,US,N/A,N/A,79.2,379.05,19,19.8,0,,,,2022-03-08 08:32:00,2022-03-08 06:32:00,2022-03-08 01:32:00,0,N/A,Present
GYB220308-5837-29131,N/A, Support 12-month plan,UA,N/A,N/A,336,19.95,1,0,0,,,,2022-03-08 07:39:00,2022-03-08 05:39:00,2022-03-08 00:39:00,0,N/A,Present
GYB220308-7955-34117,N/A, Support One Time PC Support ,US,N/A,N/A,149,0,0,0,0,,,,2022-03-08 05:15:00,2022-03-08 03:15:00,2022-03-07 22:15:00,0,N/A,Present
GYB220309-5377-12149,N/A, Support 12-month Plan,US,N/A,N/A,302.4,0,0,129.6,0,,,,2022-03-10 02:38:00,2022-03-10 00:38:00,2022-03-09 19:38:00,0,N/A,Present
GYB220309-5377-23103,AQ_9, Support 36-month Plan,US,Call,Rodger,513,0,0,171,0,,,,2022-03-09 08:30:00,2022-03-09 06:30:00,2022-03-09 01:30:00,0,N/A,Present
GYB220309-6206-26109,AQ_9, Support 12-month Plan,PR,Chat,Jules,432,59.85,3,0,0,,,,2022-03-09 10:52:00,2022-03-09 08:52:00,2022-03-09 03:52:00,0,N/A,Present
GYB220309-7835-25156,AQ_9, Support Multiple Device Monthly Subscription,US,Chat,Jules,99,74.85,3,0,0,,,,2022-03-09 08:55:00,2022-03-09 06:55:00,2022-03-09 01:55:00,0,N/A,Present
GYB220309-7835-43137,AQ_9, Support One Time PC Support ,US,Call,Jackie,96.85,0,0,52.15,0,,,,2022-03-09 08:07:00,2022-03-09 06:07:00,2022-03-09 01:07:00,0,N/A,Present
GYB220309-7835-70196,AQ.Upgrade, Support 36-month plan,US,Call,Rodger,576,0,0,0,0,,,,2022-03-10 01:22:00,2022-03-09 23:22:00,2022-03-09 18:22:00,0,N/A,Present
GYB220309-7955-90110,AQ_9, Support Single Device Monthly Subscription,US,Call,Rodger,49.5,19.94,2,49.5,0,,,,2022-03-09 09:46:00,2022-03-09 07:46:00,2022-03-09 02:46:00,0,N/A,Present
GYB220309-7955-91130,N/A, Support 12-month Plan,US,N/A,N/A,432,0,0,0,0,,,,2022-03-09 11:23:00,2022-03-09 09:23:00,2022-03-09 04:23:00,0,N/A,Present
GYB220310-3240-23126,N/A, Support 36-month Plan,US,N/A,N/A,684,0,0,0,0,,,,2022-03-10 10:34:00,2022-03-10 08:34:00,2022-03-10 03:34:00,0,N/A,Present
GYB220310-3240-37168,AQ_1, Support Single Device Monthly Subscription,CA,Call,Rodger,84.33,0,0,14.88,0,,,,2022-03-11 00:15:00,2022-03-10 22:15:00,2022-03-10 17:15:00,0,N/A,Present
GYB220310-3969-28120,ByteFence.CTA, Support Single Device Monthly Subscription,US,From Support,Nick,99,39.9,2,0,0,,,,2022-03-10 07:35:00,2022-03-10 05:35:00,2022-03-10 00:35:00,0,N/A,Present
GYB220310-7835-69114,N/A, Support Single Device Monthly Subscription,US,N/A,N/A,64.35,0,0,34.65,0,,,,2022-03-10 07:14:00,2022-03-10 05:14:00,2022-03-10 00:14:00,0,N/A,Present
GYB220311-6876-27174,N/A, Support 12-month Plan,US,N/A,N/A,302.4,0,0,129.6,0,,,,2022-03-11 11:12:00,2022-03-11 09:12:00,2022-03-11 04:12:00,0,N/A,Present
GYB220311-6876-33119,N/A, Support 12-month Plan,US,N/A,N/A,324,0,0,108,0,,,,2022-03-11 08:49:00,2022-03-11 06:49:00,2022-03-11 01:49:00,0,N/A,Present
GYB220311-6876-90159,N/A, Support 36-month Plan,US,N/A,N/A,684,0,0,0,0,,,,2022-03-11 08:56:00,2022-03-11 06:56:00,2022-03-11 01:56:00,0,N/A,Present
GYB220311-7311-68115,AQ_9, Support Single Device Monthly Subscription,US,Call,Rodger,49.5,0,0,49.5,0,,,,2022-03-11 06:03:00,2022-03-11 04:03:00,2022-03-10 23:03:00,0,N/A,Present
GYB220312-7311-15116,N/A, Support 12-month Plan,US,N/A,N/A,432,159.6,8,0,0,,,,2022-03-13 01:49:00,2022-03-12 23:49:00,2022-03-12 18:49:00,0,N/A,Present
GYB220312-7871-21132,N/A, Support Single Device Monthly Subscription,CA,N/A,N/A,64.43,0,0,34.69,0,,,,2022-03-12 08:11:00,2022-03-12 06:11:00,2022-03-12 01:11:00,0,N/A,Present
GYB220312-7910-19108,N/A, Support One Time PC Support ,US,N/A,N/A,149,0,0,0,0,,,,2022-03-13 01:24:00,2022-03-12 23:24:00,2022-03-12 18:24:00,0,N/A,Present
GYB220312-8911-53140,N/A, Support Single Device Monthly Subscription,US,N/A,N/A,64.35,0,0,34.65,0,,,,2022-03-12 07:05:00,2022-03-12 05:05:00,2022-03-12 00:05:00,0,N/A,Present
GYB220312-8911-80109,N/A, Support One Time PC Support ,GB,N/A,N/A,149.29,0,0,0,0,,,,2022-03-12 02:28:00,2022-03-12 00:28:00,2022-03-11 19:28:00,0,N/A,Present
GYB220313-3044-21132,AQ_9, Support 12-month Plan,US,Call,Vicky,432,19.95,1,0,0,,,,2022-03-13 05:10:00,2022-03-13 03:10:00,2022-03-12 22:10:00,0,N/A,Present
GYB220313-7311-52163,N/A, Support Single Device Monthly Subscription,US,N/A,N/A,64.35,0,0,34.65,0,,,,2022-03-13 11:51:00,2022-03-13 09:51:00,2022-03-13 05:51:00,0,N/A,Present
GYB220313-7311-69134,N/A, Support 36-month Plan,US,N/A,N/A,684,0,0,0,0,,,,2022-03-13 08:11:00,2022-03-13 06:11:00,2022-03-13 01:11:00,0,N/A,Present
GYB220313-7871-16146,N/A, Support 6-month plan,US,N/A,N/A,199,0,0,19.95,0,,,,2022-03-14 01:40:00,2022-03-13 23:40:00,2022-03-13 19:40:00,0,N/A,Present
GYB220313-8911-62133,N/A, Support Single Device Monthly Subscription,GB,N/A,N/A,49.8,0,0,49.8,0,,,,2022-03-13 09:31:00,2022-03-13 07:31:00,2022-03-13 03:31:00,0,N/A,Present
GYB220314-6422-50130,AQ_21, Support 3-month Plan,US,Chat,Keira,199,39.9,2,0,0,,,,2022-03-14 04:35:00,2022-03-14 02:35:00,2022-03-13 22:35:00,0,N/A,Present
GYB220314-7311-89114,AQ_9, Support One Time PC Support ,US,Call,Rodger,149,0,0,0,0,,,,2022-03-14 09:04:00,2022-03-14 07:04:00,2022-03-14 03:04:00,0,N/A,Present
GYB220314-7910-44104,AQ_9, Support 12-month plan,US,Call,Rodger,235.2,159.6,8,100.8,0,,,,2022-03-14 07:19:00,2022-03-14 05:19:00,2022-03-14 01:19:00,0,N/A,Present
GYB220315-2559-11126,N/A, Support Single Device Monthly Subscription,US,N/A,N/A,99,0,0,0,0,,,,2022-03-16 02:54:00,2022-03-16 00:54:00,2022-03-15 20:54:00,0,N/A,Present
GYB220315-3044-50134,AQ_21, Support 6-month Plan,US,Ticket,Ruby,249,0,0,0,0,,,,2022-03-15 04:36:00,2022-03-15 02:36:00,2022-03-14 22:36:00,0,N/A,Present
GYB220315-3044-51110,N/A, Support One Time PC Support ,US,N/A,N/A,149,0,0,0,0,,,,2022-03-15 03:16:00,2022-03-15 01:16:00,2022-03-14 21:16:00,0,N/A,Present
GYB220315-3044-57179,AQ_9, Support 12-month Plan,US,Chat,Jules,432,0,0,0,432,2022-05-02 10:46:00,2022-05-02 07:46:00,2022-05-02 03:46:00,2022-03-15 10:47:00,2022-03-15 08:47:00,2022-03-15 04:47:00,47,Present,Present
GYB220315-7477-94120,N/A, Support One Time PC Support ,ZA,N/A,N/A,149,0,0,0,0,,,,2022-03-15 00:03:00,2022-03-14 22:03:00,2022-03-14 18:03:00,0,N/A,Present
GYB220315-7871-53127,AQ_9, Support 36-month Plan,US,Call,Jackie,581.4,0,0,102.6,0,,,,2022-03-15 07:51:00,2022-03-15 05:51:00,2022-03-15 01:51:00,0,N/A,Present
GYB220316-2559-24124,AQ_9, Support 24-month Plan,US,Chat,Rinna,576,0,0,0,0,,,,2022-03-16 08:17:00,2022-03-16 06:17:00,2022-03-16 02:17:00,0,N/A,Present
GYB220316-3044-53129,AQ_9, Support 36-month Plan,US,Call,Vicky,684,0,0,0,684,2022-03-18 01:34:00,2022-03-17 23:34:00,2022-03-17 19:34:00,2022-03-16 05:14:00,2022-03-16 03:14:00,2022-03-15 23:14:00,1,Present,Present
GYB220316-7477-67124,AQ_9, Support 36-month Plan,US,Chat,Jules,684,0,0,0,0,,,,2022-03-17 01:43:00,2022-03-16 23:43:00,2022-03-16 19:43:00,0,N/A,Present
GYB220316-7871-56152,AQ_25, Support One Time PC Support ,US,Call,Jackie,96.85,0,0,52.15,0,,,,2022-03-16 11:50:00,2022-03-16 09:50:00,2022-03-16 05:50:00,0,N/A,Present
GYB220317-2559-72126,N/A, Support 36-month Plan,US,N/A,N/A,684,0,0,0,0,,,,2022-03-18 01:44:00,2022-03-17 23:44:00,2022-03-17 19:44:00,0,N/A,Present
GYB220317-7910-35122,AQ_1, Support 6-month plan,CA,Call,Rodger,134.43,134.62,7,57.61,0,,,,2022-03-17 04:36:00,2022-03-17 02:36:00,2022-03-16 22:36:00,0,N/A,Present
GYB220317-8911-29119,N/A, Support 12-month Plan,US,N/A,N/A,432,19.95,1,0,0,,,,2022-03-17 05:18:00,2022-03-17 03:18:00,2022-03-16 23:18:00,0,N/A,Present
GYB220318-2559-54136,N/A, Support 12-month Plan,US,N/A,N/A,345.6,0,0,86.4,0,,,,2022-03-18 09:11:00,2022-03-18 07:11:00,2022-03-18 03:11:00,0,N/A,Present
GYB220318-3044-81133,N/A, Support One Time PC Support ,US,N/A,N/A,149,0,0,0,0,,,,2022-03-18 09:30:00,2022-03-18 07:30:00,2022-03-18 03:30:00,0,N/A,Present
GYB220318-7477-36126,N/A, Support 36-month Plan,US,N/A,N/A,684,0,0,0,0,,,,2022-03-19 02:32:00,2022-03-19 00:32:00,2022-03-18 20:32:00,0,N/A,Present
GYB220319-2559-14135,N/A, Support 36-month Plan,US,N/A,N/A,684,0,0,0,0,,,,2022-03-19 06:37:00,2022-03-19 04:37:00,2022-03-19 00:37:00,0,N/A,Present
GYB220319-2559-92174,N/A, Support 12-month Plan,IL,N/A,N/A,432,0,0,0,0,,,,2022-03-19 07:02:00,2022-03-19 05:02:00,2022-03-19 01:02:00,0,N/A,Present
GYB220319-3044-54117,N/A, Support One Time PC Support ,US,N/A,N/A,104.3,0,0,44.7,0,,,,2022-03-19 04:03:00,2022-03-19 02:03:00,2022-03-18 22:03:00,0,N/A,Present
GYB220319-3588-53150,N/A, Support 24-month plan,UA,N/A,N/A,399,0,0,19.95,0,,,,2022-03-19 10:40:00,2022-03-19 08:40:00,2022-03-19 04:40:00,0,N/A,Present
GYB220319-3588-69199,N/A, Support 24-month plan,UA,N/A,N/A,399,0,0,19.95,0,,,,2022-03-19 10:57:00,2022-03-19 08:57:00,2022-03-19 04:57:00,0,N/A,Present
GYB220319-3588-77240,N/A, Support 24-month plan,UA,N/A,N/A,399,0,0,19.95,399,2022-03-20 06:47:00,2022-03-20 04:47:00,2022-03-20 00:47:00,2022-03-19 11:21:00,2022-03-19 09:21:00,2022-03-19 05:21:00,0,Present,Present
GYB220319-3588-82300,N/A, Support 12-month plan,UA,N/A,N/A,299,0,0,19.95,299,2022-03-20 06:21:00,2022-03-20 04:21:00,2022-03-20 00:21:00,2022-03-19 11:57:00,2022-03-19 09:57:00,2022-03-19 05:57:00,0,Present,Present
GYB220319-3588-83135,N/A, Support 12-month plan,UA,N/A,N/A,299,0,0,19.95,0,,,,2022-03-19 10:36:00,2022-03-19 08:36:00,2022-03-19 04:36:00,0,N/A,Present
GYB220319-3588-93223,N/A, Support 24-month plan,UA,N/A,N/A,399,0,0,19.95,0,,,,2022-03-19 11:19:00,2022-03-19 09:19:00,2022-03-19 05:19:00,0,N/A,Present
GYB220319-3588-94264,N/A, Support 24-month plan,UA,N/A,N/A,399,0,0,19.95,399,2022-03-20 06:37:00,2022-03-20 04:37:00,2022-03-20 00:37:00,2022-03-19 11:32:00,2022-03-19 09:32:00,2022-03-19 05:32:00,0,Present,Present
GYB220319-3588-96171,N/A, Support 24-month plan,UA,N/A,N/A,399,0,0,19.95,0,,,,2022-03-19 10:46:00,2022-03-19 08:46:00,2022-03-19 04:46:00,0,N/A,Present
GYB220319-3588-98121,N/A, Support 12-month plan,UA,N/A,N/A,299,0,0,19.95,0,,,,2022-03-19 10:28:00,2022-03-19 08:28:00,2022-03-19 04:28:00,0,N/A,Present
GYB220319-3588-98185,N/A, Support 24-month plan,UA,N/A,N/A,399,0,0,19.95,0,,,,2022-03-19 10:50:00,2022-03-19 08:50:00,2022-03-19 04:50:00,0,N/A,Present
GYB220319-7477-26118,N/A, Support 36-month Plan,US,N/A,N/A,684,0,0,0,0,,,,2022-03-19 11:17:00,2022-03-19 09:17:00,2022-03-19 05:17:00,0,N/A,Present
GYB220319-8911-82128,AQ_21, Support 6-month Plan,US,Ticket,Ruby,186.75,0,0,62.25,0,,,,2022-03-19 11:41:00,2022-03-19 09:41:00,2022-03-19 05:41:00,0,N/A,Present
GYB220320-2559-75114,AQ_9, Support 24-month Plan,GB,Chat,Ruby,575.51,0,0,0,0,,,,2022-03-20 08:10:00,2022-03-20 06:10:00,2022-03-20 02:10:00,0,N/A,Present
GYB220320-3044-85111,N/A, Support 36-month Plan,AU,N/A,N/A,683.76,0,0,0,0,,,,2022-03-20 05:44:00,2022-03-20 03:44:00,2022-03-19 23:44:00,0,N/A,Present
GYB220320-3588-47137,N/A, Support 12-month plan,UA,N/A,N/A,299,0,0,19.95,299,2022-03-20 06:50:00,2022-03-20 04:50:00,2022-03-20 00:50:00,2022-03-20 01:48:00,2022-03-19 23:48:00,2022-03-19 19:48:00,0,Present,Present
GYB220320-3588-60157,N/A, Support 24-month plan,UA,N/A,N/A,399,0,0,19.95,399,2022-03-20 07:02:00,2022-03-20 05:02:00,2022-03-20 01:02:00,2022-03-20 02:01:00,2022-03-20 00:01:00,2022-03-19 20:01:00,0,Present,Present
GYB220320-3588-72169,N/A, Support 12-month plan,UA,N/A,N/A,299,0,0,19.95,299,2022-03-20 07:50:00,2022-03-20 05:50:00,2022-03-20 01:50:00,2022-03-20 02:26:00,2022-03-20 00:26:00,2022-03-19 20:26:00,0,Present,Present
GYB220320-8911-47122,N/A, Support One Time PC Support ,US,N/A,N/A,149,0,0,0,0,,,,2022-03-20 03:28:00,2022-03-20 01:28:00,2022-03-19 21:28:00,0,N/A,Present
GYB220321-2559-12110,PDFSuite.CTA, Support 24-month Plan,US,Chat,Megan,576,0,0,0,0,,,,2022-03-21 03:18:00,2022-03-21 01:18:00,2022-03-20 21:18:00,0,N/A,Present
GYB220321-3044-31104,N/A, Support 12-month Plan,US,N/A,N/A,345.6,0,0,86.4,345.6,2022-04-04 02:36:00,2022-04-03 23:36:00,2022-04-03 19:36:00,2022-03-22 00:04:00,2022-03-21 22:04:00,2022-03-21 18:04:00,13,Present,Present
GYB220321-6422-62105,N/A, Support Single Device Monthly Subscription,US,N/A,N/A,49.5,129.61,13,49.5,0,,,,2022-03-21 05:32:00,2022-03-21 03:32:00,2022-03-20 23:32:00,0,N/A,Present
GYB220321-6422-79117,AQ_9, Support 3-month Plan,GB,Chat,Jules,159.39,0,0,39.85,0,,,,2022-03-21 09:58:00,2022-03-21 07:58:00,2022-03-21 03:58:00,0,N/A,Present
GYB220321-6876-69144,AQ.Upgrade, Support 36-month plan,CA,Call,Rodger,460.69,0,0,115.17,0,,,,2022-03-21 08:26:00,2022-03-21 06:26:00,2022-03-21 02:26:00,0,N/A,Present
GYB220321-7477-75133,AQ_9, Support 3-month Plan,US,Chat,Jules,159.2,59.85,3,39.8,0,,,,2022-03-21 06:35:00,2022-03-21 04:35:00,2022-03-21 00:35:00,0,N/A,Present
GYB220321-7871-31130,AQ_9, Support Multiple Device Monthly Subscription,US,Call,Rodger,49.5,0,0,49.5,0,,,,2022-03-21 11:59:00,2022-03-21 09:59:00,2022-03-21 05:59:00,0,N/A,Present
GYB220321-8911-82143,AQ.Upgrade, Support 24-month plan,US,Call,Rodger,302.4,0,0,129.6,0,,,,2022-03-21 09:30:00,2022-03-21 07:30:00,2022-03-21 03:30:00,0,N/A,Present
GYB220321-8911-85117,N/A, Support 12-month Plan,CA,N/A,N/A,345.52,0,0,86.38,0,,,,2022-03-21 07:15:00,2022-03-21 05:15:00,2022-03-21 01:15:00,0,N/A,Present
GYB220322-3044-14111,AQ_21, Support 3-month Plan,US,Chat,Keira,199,0,0,0,0,,,,2022-03-22 06:38:00,2022-03-22 04:38:00,2022-03-22 00:38:00,0,N/A,Present
GYB220322-6876-72112,N/A, Support 12-month Plan,US,N/A,N/A,302.23,0,0,129.53,0,,,,2022-03-22 10:03:00,2022-03-22 08:03:00,2022-03-22 04:03:00,0,N/A,Present
GYB220322-7871-42114,AQ_9, Support Single Device Monthly Subscription,US,Call,Rodger,99,0,0,0,99,2022-03-25 11:19:00,2022-03-25 09:19:00,2022-03-25 05:19:00,2022-03-23 01:36:00,2022-03-22 23:36:00,2022-03-22 19:36:00,2,Present,Present
GYB220322-8911-44118,AQ_9, Support One Time PC Support ,US,Call,Vicky,74.5,0,0,74.5,0,,,,2022-03-22 07:50:00,2022-03-22 05:50:00,2022-03-22 01:50:00,0,N/A,Present
GYB220323-2559-96129,N/A, Support One Time PC Support ,US,N/A,N/A,119.2,0,0,29.8,0,,,,2022-03-23 05:56:00,2022-03-23 03:56:00,2022-03-22 23:56:00,0,N/A,Present
GYB220323-3044-52133,N/A, Support One Time PC Support ,CA,N/A,N/A,74.75,0,0,74.75,0,,,,2022-03-23 07:26:00,2022-03-23 05:26:00,2022-03-23 01:26:00,0,N/A,Present
GYB220323-6422-37181,N/A, Support One Time PC Support ,US,N/A,N/A,119.2,0,0,29.8,0,,,,2022-03-23 05:47:00,2022-03-23 03:47:00,2022-03-22 23:47:00,0,N/A,Present
GYB220323-6422-45118,AQ_25, Support Multiple Device Monthly Subscription,US,Call,Rodger,99,74.85,3,0,0,,,,2022-03-23 04:37:00,2022-03-23 02:37:00,2022-03-22 22:37:00,0,N/A,Present
GYB220323-6876-38166,N/A, Support 36-month Plan,IL,N/A,N/A,684,0,0,0,684,2022-03-24 00:36:00,2022-03-23 22:36:00,2022-03-23 18:36:00,2022-03-23 11:18:00,2022-03-23 09:18:00,2022-03-23 05:18:00,0,Present,Present
GYB220323-6876-95130,N/A, Support One Time PC Support ,US,N/A,N/A,119.2,0,0,29.8,0,,,,2022-03-23 06:24:00,2022-03-23 04:24:00,2022-03-23 00:24:00,0,N/A,Present
GYB220323-7910-92132,AQ_21, Support 6-month Plan,US,Ticket,Ruby,249,0,0,0,0,,,,2022-03-23 09:14:00,2022-03-23 07:14:00,2022-03-23 03:14:00,0,N/A,Present
GYB220323-7910-93109,AQ_25, Support 12-month plan,US,Call,Rodger,252,0,0,84,0,,,,2022-03-23 05:08:00,2022-03-23 03:08:00,2022-03-22 23:08:00,0,N/A,Present
GYB220324-2050-61128,N/A, Support Single Device Monthly Subscription,US,N/A,N/A,99,79.8,4,0,0,,,,2022-03-24 10:39:00,2022-03-24 08:39:00,2022-03-24 04:39:00,0,N/A,Present
GYB220324-4913-69125,PDFSuite.CTA, Support 24-month Plan,US,Chat,Megan,576,0,0,0,0,,,,2022-03-24 10:11:00,2022-03-24 08:11:00,2022-03-24 04:11:00,0,N/A,Present
GYB220324-5332-11174,PDFSuite.CTA, Support 24-month Plan,AU,Chat,Megan,575.9,0,0,0,0,,,,2022-03-25 02:50:00,2022-03-25 00:50:00,2022-03-24 20:50:00,0,N/A,Present
GYB220324-5332-88130,AQ_21, Support 12-month Plan,US,Chat,Keira,432,0,0,0,0,,,,2022-03-24 11:45:00,2022-03-24 09:45:00,2022-03-24 05:45:00,0,N/A,Present
GYB220324-7871-19116,N/A, Support Single Device Monthly Subscription,US,N/A,N/A,49.5,0,0,49.5,0,,,,2022-03-24 06:23:00,2022-03-24 04:23:00,2022-03-24 00:23:00,0,N/A,Present
GYB220325-4913-56125,PDFSuite.CTA, Support 24-month Plan,US,Chat,Megan,576,0,0,0,0,,,,2022-03-25 03:13:00,2022-03-25 01:13:00,2022-03-24 21:13:00,0,N/A,Present
GYB220325-4913-70155,N/A, Support One Time PC Support ,CA,N/A,N/A,119.11,0,0,29.78,0,,,,2022-03-25 05:20:00,2022-03-25 03:20:00,2022-03-24 23:20:00,0,N/A,Present
GYB220325-5541-34116,N/A, Support 12-month Plan,GB,N/A,N/A,366.92,0,0,64.76,0,,,,2022-03-25 09:28:00,2022-03-25 07:28:00,2022-03-25 03:28:00,0,N/A,Present
GYB220325-5566-42122,AQ_21, Support 3-month Plan,AU,Chat,Keira,199.26,166.27,9,0,0,,,,2022-03-26 01:39:00,2022-03-25 23:39:00,2022-03-25 19:39:00,0,N/A,Present
GYB220326-5541-91129,AQ_9, Support 12-month Plan,US,Call,Rodger,302.4,0,0,129.6,0,,,,2022-03-26 05:01:00,2022-03-26 03:01:00,2022-03-25 23:01:00,0,N/A,Present
GYB220326-5541-94114,N/A, Support Single Device Monthly Subscription,AU,N/A,N/A,74.47,0,0,24.83,0,,,,2022-03-26 07:42:00,2022-03-26 05:42:00,2022-03-26 01:42:00,0,N/A,Present
GYB220326-5566-84101,N/A, Support One Time PC Support ,AU,N/A,N/A,74.64,0,0,74.64,0,,,,2022-03-26 04:31:00,2022-03-26 02:31:00,2022-03-25 22:31:00,0,N/A,Present
GYB220326-7711-42168,AQ_25, Support 24-month Plan,US,Call,Rodger,576,0,0,0,0,,,,2022-03-26 07:54:00,2022-03-26 05:54:00,2022-03-26 01:54:00,0,N/A,Present
GYB220326-7711-59144,N/A, Support 12-month Plan,AU,N/A,N/A,432.06,0,0,0,0,,,,2022-03-26 04:55:00,2022-03-26 02:55:00,2022-03-25 22:55:00,0,N/A,Present
GYB220327-2543-77152,BF.Upgrade, Support 12-month Plan,US,Call,Jackie,324,0,0,108,0,,,,2022-03-27 09:42:00,2022-03-27 06:42:00,2022-03-27 02:42:00,0,N/A,Present
GYB220327-2543-96116,AQ_21, Support 6-month Plan,US,Ticket,Ruby,252,0,0,84,0,,,,2022-03-27 06:33:00,2022-03-27 03:33:00,2022-03-26 23:33:00,0,N/A,Present
GYB220327-4732-29120,N/A, Support 36-month plan,UA,Chat,Alex,576,0,0,0,0,,,,2022-03-27 02:28:00,2022-03-27 00:28:00,2022-03-26 20:28:00,0,N/A,Present
GYB220327-4732-57165,N/A, Support 36-month plan,UA,N/A,N/A,576,0,0,0,0,,,,2022-03-27 02:38:00,2022-03-27 00:38:00,2022-03-26 20:38:00,0,N/A,Present
GYB220327-4732-94144,N/A, Support 36-month plan,UA,N/A,N/A,576,0,0,0,0,,,,2022-03-27 02:30:00,2022-03-27 00:30:00,2022-03-26 20:30:00,0,N/A,Present
GYB220327-4913-74111,AQ_9, Support 6-month Plan,GB,Chat,Jules,199.32,0,0,49.83,0,,,,2022-03-27 04:25:00,2022-03-27 01:25:00,2022-03-26 21:25:00,0,N/A,Present
GYB220327-5541-44119,N/A, Support 12-month Plan,EG,N/A,N/A,345.6,79.8,4,86.4,0,,,,2022-03-27 09:15:00,2022-03-27 06:15:00,2022-03-27 02:15:00,0,N/A,Present
GYB220327-6791-67101,AQ_9, Support 24-month Plan,BB,Call,Rodger,432,0,0,144,0,,,,2022-03-27 09:25:00,2022-03-27 06:25:00,2022-03-27 02:25:00,0,N/A,Present
GYB220328-2050-88108,AQ_9, Support 36-month Plan,US,Chat,Rinna,684,0,0,0,0,,,,2022-03-28 06:47:00,2022-03-28 03:47:00,2022-03-27 23:47:00,0,N/A,Present
GYB220328-2543-42151,AQ.Upgrade, Support 36-month Plan,US,From Support,Rodger,478.8,0,0,205.2,0,,,,2022-03-29 00:50:00,2022-03-28 21:50:00,2022-03-28 17:50:00,0,N/A,Present
GYB220328-2543-92182,AQ.Upgrade, Support 12-month plan,US,Call,Rodger,235.2,0,0,100.8,0,,,,2022-03-29 01:20:00,2022-03-28 22:20:00,2022-03-28 18:20:00,0,N/A,Present
GYB220328-4913-76127,N/A, Support Single Device Monthly Subscription,AU,N/A,N/A,49.79,0,0,49.79,0,,,,2022-03-28 04:21:00,2022-03-28 01:21:00,2022-03-27 21:21:00,0,N/A,Present
GYB220328-5541-29163,N/A, Support One Time PC Support ,GB,N/A,N/A,119.59,0,0,29.9,0,,,,2022-03-28 10:35:00,2022-03-28 07:35:00,2022-03-28 03:35:00,0,N/A,Present
GYB220328-5541-76131,N/A, Support One Time PC Support ,US,N/A,N/A,74.5,0,0,74.5,0,,,,2022-03-28 07:57:00,2022-03-28 04:57:00,2022-03-28 00:57:00,0,N/A,Present
GYB220328-5566-93116,N/A, Support 12-month Plan,CA,N/A,N/A,345.92,0,0,86.48,0,,,,2022-03-28 06:12:00,2022-03-28 03:12:00,2022-03-27 23:12:00,0,N/A,Present
GYB220328-7711-47169,BF.Upgrade, Support Single Device Monthly Subscription,US,Call,Jackie,99,59.85,3,0,0,,,,2022-03-28 10:47:00,2022-03-28 07:47:00,2022-03-28 03:47:00,0,N/A,Present
GYB220328-7711-85129,AQ_25, Support Single Device Monthly Subscription,US,Call,Vicky,49.5,0,0,49.5,0,,,,2022-03-28 08:26:00,2022-03-28 05:26:00,2022-03-28 01:26:00,0,N/A,Present
GYB220329-2050-12112,AQ_1, Support 24-month Plan,CA,Call,Jackie,489.08,0,0,86.31,0,,,,2022-03-29 11:41:00,2022-03-29 08:41:00,2022-03-29 04:41:00,0,N/A,Present
GYB220329-2543-35114,AQ_9, Support 6-month Plan,GB,Chat,Jules,199.23,0,0,49.8,0,,,,2022-03-29 07:21:00,2022-03-29 04:21:00,2022-03-29 00:21:00,0,N/A,Present
GYB220329-6791-66123,AQ_21, Support One Time PC Support ,US,Call,Jackie,104.3,0,0,44.7,0,,,,2022-03-30 01:46:00,2022-03-29 22:46:00,2022-03-29 18:46:00,0,N/A,Present
GYB220330-2050-28110,N/A, Support One Time PC Support ,US,N/A,N/A,74.5,0,0,74.5,0,,,,2022-03-30 10:53:00,2022-03-30 07:53:00,2022-03-30 03:53:00,0,N/A,Present
GYB220330-4913-68138,AQ_21, Support 3-month Plan,US,Chat,Keira,199,0,0,0,0,,,,2022-03-30 09:14:00,2022-03-30 06:14:00,2022-03-30 02:14:00,0,N/A,Present
GYB220330-4913-72103,AQ_21, Support 3-month Plan,GB,Chat,Keira,199.15,18.53,1,0,0,,,,2022-03-30 06:20:00,2022-03-30 03:20:00,2022-03-29 23:20:00,0,N/A,Present
GYB220330-5332-86110,AQ_21, Support 3-month Plan,US,Chat,Keira,199,199.5,10,0,0,,,,2022-03-30 11:17:00,2022-03-30 08:17:00,2022-03-30 04:17:00,0,N/A,Present
GYB220330-5566-60139,N/A, Support 36-month Plan,US,N/A,N/A,684,0,0,0,0,,,,2022-03-30 07:31:00,2022-03-30 04:31:00,2022-03-30 00:31:00,0,N/A,Present
GYB220330-6791-70119,N/A, Support One Time PC Support ,CA,N/A,N/A,148.94,0,0,0,0,,,,2022-03-30 09:11:00,2022-03-30 06:11:00,2022-03-30 02:11:00,0,N/A,Present
GYB220330-7323-80104,AQ_9, Support One Time PC Support ,US,Call,Vicky,104.3,0,0,44.7,0,,,,2022-03-31 02:51:00,2022-03-30 23:51:00,2022-03-30 19:51:00,0,N/A,Present
GYB220331-2793-63106,N/A, Support 36-month Plan,CA,N/A,N/A,546.86,0,0,136.71,0,,,,2022-03-31 07:58:00,2022-03-31 04:58:00,2022-03-31 00:58:00,0,N/A,Present
GYB220331-3150-41125,N/A, Support One Time PC Support ,AU,N/A,N/A,96.86,0,0,52.16,0,,,,2022-04-01 02:02:00,2022-03-31 23:02:00,2022-03-31 19:02:00,0,N/A,Present
GYB220331-3150-50104,N/A, Support One Time PC Support ,AU,N/A,N/A,149.01,0,0,0,0,,,,2022-03-31 00:24:00,2022-03-30 21:24:00,2022-03-30 17:24:00,0,N/A,Present
GYB220331-8709-50130,N/A, Support 36-month Plan,US,N/A,N/A,684,0,0,0,0,,,,2022-04-01 01:09:00,2022-03-31 22:09:00,2022-03-31 18:09:00,0,N/A,Present
GYB220331-9703-13148,N/A, Support 36-month Plan,US,N/A,N/A,547.2,0,0,136.8,547.2,2022-05-11 10:53:00,2022-05-11 07:53:00,2022-05-11 03:53:00,2022-03-31 11:16:00,2022-03-31 08:16:00,2022-03-31 04:16:00,40,Present,Present
GYB220331-9703-29106,AQ_9, Support 6-month plan,US,Call,Rodger,144,19.95,1,48,0,,,,2022-03-31 08:19:00,2022-03-31 05:19:00,2022-03-31 01:19:00,0,N/A,Present
GYB220331-9703-51187,N/A, Support 12-month Plan,US,N/A,N/A,432,0,0,0,432,2022-05-09 01:30:00,2022-05-08 22:30:00,2022-05-08 18:30:00,2022-04-01 02:01:00,2022-03-31 23:01:00,2022-03-31 19:01:00,37,Present,Present
GYB220401-2793-55124,N/A, Support One Time PC Support ,US,N/A,N/A,149,0,0,0,0,,,,2022-04-01 11:25:00,2022-04-01 08:25:00,2022-04-01 04:25:00,0,N/A,Present
GYB220401-3245-91126,N/A, Support 12-month plan,AU,N/A,N/A,235.4,0,0,100.88,0,,,,2022-04-01 07:06:00,2022-04-01 04:06:00,2022-04-01 00:06:00,0,N/A,Present
GYB220401-8709-29128,AQ_7, Support 12-month plan,AU,Call,Rodger,235.4,53.78,3,100.88,0,,,,2022-04-01 03:33:00,2022-04-01 00:33:00,2022-03-31 20:33:00,0,N/A,Present
GYB220402-3245-21126,AQ_9, Support One Time PC Support ,US,Call,Jackie,74.5,0,0,74.5,0,,,,2022-04-02 03:36:00,2022-04-02 00:36:00,2022-04-01 20:36:00,0,N/A,Present
GYB220402-8709-30113,N/A, Support 12-month Plan,US,N/A,N/A,345.6,0,0,86.4,0,,,,2022-04-02 11:50:00,2022-04-02 08:50:00,2022-04-02 04:50:00,0,N/A,Present
GYB220402-8709-67143,AQ_1, Support One Time PC Support ,CA,Call,David,74.47,0,0,74.47,0,,,,2022-04-03 01:19:00,2022-04-02 22:19:00,2022-04-02 18:19:00,0,N/A,Present
GYB220403-2793-67119,AQ_9, Support 36-month Plan,NZ,Chat,Jules,683.97,0,0,0,0,,,,2022-04-04 01:30:00,2022-04-03 22:30:00,2022-04-03 18:30:00,0,N/A,Present
GYB220403-3150-68119,AQ_21, Support 3-month Plan,US,Chat,Keira,159.2,0,0,39.8,0,,,,2022-04-03 08:37:00,2022-04-03 05:37:00,2022-04-03 01:37:00,0,N/A,Present
GYB220403-7323-11118,PDFSuite.CTA, Support 24-month Plan,US,Chat,Megan,403.2,0,0,172.8,0,,,,2022-04-03 09:31:00,2022-04-03 06:31:00,2022-04-03 02:31:00,0,N/A,Present
GYB220403-7323-58148,AQ_9, Support 6-month Plan,PA,Chat,Jules,199.2,259.35,13,49.8,0,,,,2022-04-04 00:02:00,2022-04-03 21:02:00,2022-04-03 17:02:00,0,N/A,Present
GYB220404-2793-83123,AQ_9, Support One Time PC Support ,US,Chat,Rinna,149,0,0,0,0,,,,2022-04-05 01:21:00,2022-04-04 22:21:00,2022-04-04 18:21:00,0,N/A,Present
GYB220404-2833-39114,AQ_21, Support 3-month Plan,CA,Chat,Keira,199.03,0,0,0,0,,,,2022-04-04 10:42:00,2022-04-04 07:42:00,2022-04-04 03:42:00,0,N/A,Present
GYB220404-3153-26121,AQ_9, Support 6-month Plan,US,Chat,Jules,199.2,19.95,1,49.8,0,,,,2022-04-04 07:09:00,2022-04-04 04:09:00,2022-04-04 00:09:00,0,N/A,Present
GYB220404-9703-12140,N/A, Support 12-month Plan,US,N/A,N/A,345.6,0,0,86.4,0,,,,2022-04-04 09:03:00,2022-04-04 06:03:00,2022-04-04 02:03:00,0,N/A,Present
GYB220405-2833-49117,AQ_9, Support 12-month Plan,US,Chat,Rinna,432,139.65,7,0,0,,,,2022-04-05 05:12:00,2022-04-05 02:12:00,2022-04-04 22:12:00,0,N/A,Present
GYB220405-3245-15115,PDFSuite.CTA, Support 24-month Plan,US,Chat,Megan,576,0,0,0,0,,,,2022-04-06 02:26:00,2022-04-05 23:26:00,2022-04-05 19:26:00,0,N/A,Present
GYB220405-7323-63105,N/A, Support 12-month Plan,US,N/A,N/A,432,59.85,3,0,0,,,,2022-04-05 08:23:00,2022-04-05 05:23:00,2022-04-05 01:23:00,0,N/A,Present
GYB220406-2793-14113,AQ_21, Support 3-month Plan,US,Chat,Keira,199,0,0,0,0,,,,2022-04-06 08:08:00,2022-04-06 05:08:00,2022-04-06 01:08:00,0,N/A,Present
GYB220406-2793-69125,N/A, Support Single Device Monthly Subscription,US,N/A,N/A,49.5,0,0,49.5,0,,,,2022-04-06 08:43:00,2022-04-06 05:43:00,2022-04-06 01:43:00,0,N/A,Present
GYB220406-3245-92115,PDFSuite.CTA, Support 24-month Plan,US,Chat,Megan,576,0,0,0,0,,,,2022-04-06 06:40:00,2022-04-06 03:40:00,2022-04-05 23:40:00,0,N/A,Present
GYB220406-3245-93139,AQ_9, Support 6-month Plan,US,Call,David,199.2,59.85,3,49.8,0,,,,2022-04-07 01:54:00,2022-04-06 22:54:00,2022-04-06 18:54:00,0,N/A,Present
GYB220407-2833-33148,N/A, Support 12-month Plan,US,N/A,N/A,432,19.95,1,0,333,2022-04-27 11:05:00,2022-04-27 08:05:00,2022-04-27 04:05:00,2022-04-07 08:38:00,2022-04-07 05:38:00,2022-04-07 01:38:00,20,Present,Present
GYB220407-2833-71118,AQ_9, Support 24-month Plan,US,Call,Rodger,576,0,0,0,0,,,,2022-04-07 08:05:00,2022-04-07 05:05:00,2022-04-07 01:05:00,0,N/A,Present
GYB220407-3150-18113,AQ_9, Support 36-month plan,US,Call,Rodger,576,0,0,0,0,,,,2022-04-07 06:02:00,2022-04-07 03:02:00,2022-04-06 23:02:00,0,N/A,Present
GYB220407-3245-93123,AQ_1, Support 6-month plan,CA,Call,Rodger,191.96,55.24,3,0,0,,,,2022-04-07 05:47:00,2022-04-07 02:47:00,2022-04-06 22:47:00,0,N/A,Present
GYB220407-9368-20128,N/A, Support Single Device Monthly Subscription,US,N/A,N/A,99,19.95,1,0,0,,,,2022-04-08 02:11:00,2022-04-07 23:11:00,2022-04-07 19:11:00,0,N/A,Present
